requisition_id,candidate_id,department,grade,source,applied_date,offer_date,final_stage,joined_flag,employee_id
REQ0001,CAND00001,Engineering,L1,LinkedIn,2020-08-08,2020-09-13,Joined,Yes,EMP0001
REQ0001,CAND00002,Engineering,L1,LinkedIn,2020-08-06,,Applied,No,
REQ0001,CAND00003,Engineering,L1,Campus,2020-08-02,,Applied,No,
REQ0001,CAND00004,Engineering,L1,Naukri,2020-08-19,,Screened,No,
REQ0002,CAND00005,Engineering,L3,Employee Referral,2022-07-02,2022-07-16,Joined,Yes,EMP0002
REQ0002,CAND00006,Engineering,L3,Employee Referral,2022-07-12,2022-08-24,Offered,No,
REQ0002,CAND00007,Engineering,L3,LinkedIn,2022-06-20,,Applied,No,
REQ0002,CAND00008,Engineering,L3,Employee Referral,2022-07-02,,Interviewed,No,
REQ0002,CAND00009,Engineering,L3,Naukri,2022-07-20,,Applied,No,
REQ0003,CAND00010,Sales,L2,LinkedIn,2019-09-14,2019-12-06,Joined,Yes,EMP0003
REQ0003,CAND00011,Sales,L2,Recruitment Agency,2019-09-21,,Applied,No,
REQ0003,CAND00012,Sales,L2,Employee Referral,2019-09-17,,Interviewed,No,
REQ0003,CAND00013,Sales,L2,Naukri,2019-09-14,,Screened,No,
REQ0003,CAND00014,Sales,L2,LinkedIn,2019-09-13,,Applied,No,
REQ0003,CAND00015,Sales,L2,Employee Referral,2019-09-09,,Screened,No,
REQ0003,CAND00016,Sales,L2,LinkedIn,2019-09-24,,Applied,No,
REQ0003,CAND00017,Sales,L2,Employee Referral,2019-10-04,,Screened,No,
REQ0004,CAND00018,Sales,L4,Campus,2025-06-05,2025-08-08,Joined,Yes,EMP0004
REQ0004,CAND00019,Sales,L4,Naukri,2025-06-16,,Screened,No,
REQ0004,CAND00020,Sales,L4,Recruitment Agency,2025-05-22,,Interviewed,No,
REQ0004,CAND00021,Sales,L4,Naukri,2025-05-30,,Screened,No,
REQ0004,CAND00022,Sales,L4,Campus,2025-06-10,,Screened,No,
REQ0004,CAND00023,Sales,L4,LinkedIn,2025-06-11,,Applied,No,
REQ0004,CAND00024,Sales,L4,Employee Referral,2025-06-12,2025-07-05,Offered,No,
REQ0004,CAND00025,Sales,L4,Employee Referral,2025-06-26,2025-08-02,Offered,No,
REQ0005,CAND00026,Engineering,L4,Recruitment Agency,2018-12-18,2019-02-08,Joined,Yes,EMP0005
REQ0005,CAND00027,Engineering,L4,LinkedIn,2018-12-04,2019-01-06,Offered,No,
REQ0005,CAND00028,Engineering,L4,LinkedIn,2018-12-27,,Applied,No,
REQ0005,CAND00029,Engineering,L4,Employee Referral,2018-12-24,,Screened,No,
REQ0005,CAND00030,Engineering,L4,Employee Referral,2018-12-17,,Interviewed,No,
REQ0005,CAND00031,Engineering,L4,Campus,2018-12-04,,Screened,No,
REQ0006,CAND00032,Engineering,L3,LinkedIn,2019-06-27,2019-09-02,Joined,Yes,EMP0006
REQ0006,CAND00033,Engineering,L3,Campus,2019-07-08,,Interviewed,No,
REQ0006,CAND00034,Engineering,L3,Recruitment Agency,2019-06-15,,Applied,No,
REQ0006,CAND00035,Engineering,L3,Employee Referral,2019-07-07,2019-07-30,Offered,No,
REQ0006,CAND00036,Engineering,L3,Campus,2019-06-29,,Applied,No,
REQ0007,CAND00037,Customer Success,L1,Campus,2024-06-24,2024-08-28,Joined,Yes,EMP0007
REQ0007,CAND00038,Customer Success,L1,Employee Referral,2024-06-20,,Applied,No,
REQ0007,CAND00039,Customer Success,L1,Careers Site,2024-06-18,,Interviewed,No,
REQ0007,CAND00040,Customer Success,L1,Naukri,2024-07-02,,Applied,No,
REQ0008,CAND00041,Operations,L3,Recruitment Agency,2020-01-25,2020-03-27,Joined,Yes,EMP0008
REQ0008,CAND00042,Operations,L3,Recruitment Agency,2020-01-22,,Applied,No,
REQ0008,CAND00043,Operations,L3,LinkedIn,2020-01-29,,Applied,No,
REQ0008,CAND00044,Operations,L3,Employee Referral,2020-01-17,,Screened,No,
REQ0008,CAND00045,Operations,L3,LinkedIn,2020-01-12,,Applied,No,
REQ0008,CAND00046,Operations,L3,Recruitment Agency,2020-01-21,,Applied,No,
REQ0008,CAND00047,Operations,L3,Campus,2020-01-29,,Applied,No,
REQ0009,CAND00048,Finance,L3,Naukri,2025-10-13,2026-01-13,Joined,Yes,EMP0009
REQ0009,CAND00049,Finance,L3,Employee Referral,2025-10-19,,Interviewed,No,
REQ0009,CAND00050,Finance,L3,LinkedIn,2025-10-25,,Screened,No,
REQ0009,CAND00051,Finance,L3,Careers Site,2025-10-23,,Screened,No,
REQ0009,CAND00052,Finance,L3,Employee Referral,2025-10-18,,Screened,No,
REQ0009,CAND00053,Finance,L3,LinkedIn,2025-10-18,,Screened,No,
REQ0009,CAND00054,Finance,L3,Recruitment Agency,2025-10-12,,Screened,No,
REQ0009,CAND00055,Finance,L3,Recruitment Agency,2025-10-27,,Applied,No,
REQ0009,CAND00056,Finance,L3,LinkedIn,2025-10-21,,Applied,No,
REQ0010,CAND00057,Engineering,L3,LinkedIn,2022-07-19,2022-09-16,Joined,Yes,EMP0010
REQ0010,CAND00058,Engineering,L3,Recruitment Agency,2022-07-29,,Screened,No,
REQ0010,CAND00059,Engineering,L3,Recruitment Agency,2022-07-19,,Applied,No,
REQ0010,CAND00060,Engineering,L3,Naukri,2022-07-28,,Screened,No,
REQ0010,CAND00061,Engineering,L3,Recruitment Agency,2022-07-31,,Applied,No,
REQ0010,CAND00062,Engineering,L3,Employee Referral,2022-07-27,2022-08-31,Offered,No,
REQ0010,CAND00063,Engineering,L3,Employee Referral,2022-07-24,2022-08-30,Offered,No,
REQ0011,CAND00064,Human Resources,L2,Naukri,2022-10-25,2023-01-17,Joined,Yes,EMP0011
REQ0011,CAND00065,Human Resources,L2,Employee Referral,2022-11-10,2022-12-25,Offered,No,
REQ0011,CAND00066,Human Resources,L2,Recruitment Agency,2022-10-15,,Screened,No,
REQ0011,CAND00067,Human Resources,L2,Naukri,2022-11-12,,Applied,No,
REQ0011,CAND00068,Human Resources,L2,LinkedIn,2022-10-21,,Applied,No,
REQ0011,CAND00069,Human Resources,L2,LinkedIn,2022-10-20,,Applied,No,
REQ0011,CAND00070,Human Resources,L2,Careers Site,2022-11-02,,Applied,No,
REQ0012,CAND00071,Marketing,L4,Campus,2020-09-12,2020-10-05,Joined,Yes,EMP0012
REQ0012,CAND00072,Marketing,L4,Employee Referral,2020-09-11,,Interviewed,No,
REQ0012,CAND00073,Marketing,L4,Recruitment Agency,2020-09-21,,Applied,No,
REQ0012,CAND00074,Marketing,L4,LinkedIn,2020-09-25,,Screened,No,
REQ0012,CAND00075,Marketing,L4,Recruitment Agency,2020-09-25,,Interviewed,No,
REQ0013,CAND00076,Human Resources,L1,Naukri,2023-04-28,2023-06-17,Joined,Yes,EMP0013
REQ0013,CAND00077,Human Resources,L1,Recruitment Agency,2023-05-09,,Applied,No,
REQ0013,CAND00078,Human Resources,L1,Campus,2023-05-10,,Applied,No,
REQ0013,CAND00079,Human Resources,L1,LinkedIn,2023-04-17,,Screened,No,
REQ0013,CAND00080,Human Resources,L1,Employee Referral,2023-05-01,,Screened,No,
REQ0013,CAND00081,Human Resources,L1,LinkedIn,2023-04-18,,Applied,No,
REQ0013,CAND00082,Human Resources,L1,Naukri,2023-05-11,,Applied,No,
REQ0013,CAND00083,Human Resources,L1,Employee Referral,2023-04-17,2023-05-11,Offered,No,
REQ0013,CAND00084,Human Resources,L1,Naukri,2023-04-16,,Applied,No,
REQ0014,CAND00085,Sales,L1,Careers Site,2022-07-22,2022-09-02,Joined,Yes,EMP0014
REQ0014,CAND00086,Sales,L1,Recruitment Agency,2022-07-08,,Applied,No,
REQ0014,CAND00087,Sales,L1,Recruitment Agency,2022-07-26,,Applied,No,
REQ0014,CAND00088,Sales,L1,Careers Site,2022-07-30,,Applied,No,
REQ0014,CAND00089,Sales,L1,Careers Site,2022-07-14,,Screened,No,
REQ0014,CAND00090,Sales,L1,Recruitment Agency,2022-08-04,,Applied,No,
REQ0014,CAND00091,Sales,L1,LinkedIn,2022-07-14,,Applied,No,
REQ0014,CAND00092,Sales,L1,Campus,2022-07-14,,Screened,No,
REQ0014,CAND00093,Sales,L1,Employee Referral,2022-08-12,2022-09-06,Offered,No,
REQ0014,CAND00094,Sales,L1,LinkedIn,2022-08-09,,Screened,No,
REQ0015,CAND00095,Engineering,L5,Employee Referral,2020-01-02,2020-03-13,Joined,Yes,EMP0015
REQ0015,CAND00096,Engineering,L5,Recruitment Agency,2019-12-30,,Applied,No,
REQ0015,CAND00097,Engineering,L5,LinkedIn,2020-01-22,,Applied,No,
REQ0015,CAND00098,Engineering,L5,Naukri,2019-12-29,,Applied,No,
REQ0015,CAND00099,Engineering,L5,Naukri,2020-01-13,,Applied,No,
REQ0016,CAND00100,Sales,L5,Employee Referral,2021-05-26,2021-06-28,Joined,Yes,EMP0016
REQ0016,CAND00101,Sales,L5,Campus,2021-06-10,,Applied,No,
REQ0016,CAND00102,Sales,L5,Naukri,2021-05-18,,Applied,No,
REQ0016,CAND00103,Sales,L5,Campus,2021-05-12,,Applied,No,
REQ0017,CAND00104,Engineering,L4,LinkedIn,2019-07-06,2019-09-24,Joined,Yes,EMP0017
REQ0017,CAND00105,Engineering,L4,LinkedIn,2019-07-06,,Applied,No,
REQ0017,CAND00106,Engineering,L4,Careers Site,2019-07-10,,Applied,No,
REQ0017,CAND00107,Engineering,L4,Naukri,2019-07-09,,Applied,No,
REQ0018,CAND00108,Customer Success,L3,Employee Referral,2025-05-11,2025-06-01,Joined,Yes,EMP0018
REQ0018,CAND00109,Customer Success,L3,LinkedIn,2025-05-30,2025-07-10,Offered,No,
REQ0018,CAND00110,Customer Success,L3,Campus,2025-05-02,,Interviewed,No,
REQ0018,CAND00111,Customer Success,L3,LinkedIn,2025-05-10,2025-06-18,Offered,No,
REQ0018,CAND00112,Customer Success,L3,Naukri,2025-05-21,,Applied,No,
REQ0018,CAND00113,Customer Success,L3,Recruitment Agency,2025-05-06,,Screened,No,
REQ0018,CAND00114,Customer Success,L3,Recruitment Agency,2025-05-30,,Applied,No,
REQ0018,CAND00115,Customer Success,L3,Naukri,2025-05-28,,Interviewed,No,
REQ0018,CAND00116,Customer Success,L3,Careers Site,2025-05-09,,Interviewed,No,
REQ0018,CAND00117,Customer Success,L3,Employee Referral,2025-05-18,,Applied,No,
REQ0019,CAND00118,Engineering,L2,Recruitment Agency,2021-07-12,2021-07-23,Joined,Yes,EMP0019
REQ0019,CAND00119,Engineering,L2,LinkedIn,2021-07-06,,Screened,No,
REQ0019,CAND00120,Engineering,L2,Recruitment Agency,2021-07-30,,Applied,No,
REQ0019,CAND00121,Engineering,L2,Careers Site,2021-08-02,,Applied,No,
REQ0019,CAND00122,Engineering,L2,Recruitment Agency,2021-07-08,,Screened,No,
REQ0019,CAND00123,Engineering,L2,Naukri,2021-07-14,,Interviewed,No,
REQ0019,CAND00124,Engineering,L2,LinkedIn,2021-07-03,,Applied,No,
REQ0019,CAND00125,Engineering,L2,Careers Site,2021-07-18,,Interviewed,No,
REQ0019,CAND00126,Engineering,L2,Employee Referral,2021-07-15,2021-08-16,Offered,No,
REQ0020,CAND00127,Sales,L4,Naukri,2022-02-26,2022-05-11,Joined,Yes,EMP0020
REQ0020,CAND00128,Sales,L4,Naukri,2022-03-04,,Applied,No,
REQ0020,CAND00129,Sales,L4,LinkedIn,2022-03-03,2022-03-24,Offered,No,
REQ0020,CAND00130,Sales,L4,Employee Referral,2022-02-14,2022-03-12,Offered,No,
REQ0020,CAND00131,Sales,L4,Naukri,2022-02-18,,Applied,No,
REQ0020,CAND00132,Sales,L4,Naukri,2022-02-18,,Applied,No,
REQ0020,CAND00133,Sales,L4,Employee Referral,2022-03-15,2022-04-04,Offered,No,
REQ0020,CAND00134,Sales,L4,Recruitment Agency,2022-02-26,,Applied,No,
REQ0020,CAND00135,Sales,L4,Employee Referral,2022-03-15,,Screened,No,
REQ0021,CAND00136,Sales,L1,LinkedIn,2025-09-10,2025-10-14,Joined,Yes,EMP0021
REQ0021,CAND00137,Sales,L1,Employee Referral,2025-09-07,2025-10-05,Offered,No,
REQ0021,CAND00138,Sales,L1,Careers Site,2025-08-29,,Applied,No,
REQ0021,CAND00139,Sales,L1,Employee Referral,2025-09-14,,Screened,No,
REQ0021,CAND00140,Sales,L1,LinkedIn,2025-09-20,,Interviewed,No,
REQ0021,CAND00141,Sales,L1,Recruitment Agency,2025-08-29,,Applied,No,
REQ0022,CAND00142,Engineering,L3,Recruitment Agency,2020-06-01,2020-08-06,Joined,Yes,EMP0022
REQ0022,CAND00143,Engineering,L3,Recruitment Agency,2020-06-09,,Applied,No,
REQ0022,CAND00144,Engineering,L3,Employee Referral,2020-06-16,2020-07-10,Offered,No,
REQ0022,CAND00145,Engineering,L3,Employee Referral,2020-05-23,2020-06-24,Offered,No,
REQ0022,CAND00146,Engineering,L3,Recruitment Agency,2020-05-26,,Screened,No,
REQ0022,CAND00147,Engineering,L3,Naukri,2020-06-08,,Applied,No,
REQ0022,CAND00148,Engineering,L3,Campus,2020-05-27,,Applied,No,
REQ0023,CAND00149,Engineering,L1,Campus,2022-09-09,2022-10-05,Joined,Yes,EMP0023
REQ0023,CAND00150,Engineering,L1,Campus,2022-09-13,,Screened,No,
REQ0023,CAND00151,Engineering,L1,LinkedIn,2022-09-04,,Applied,No,
REQ0023,CAND00152,Engineering,L1,Employee Referral,2022-09-30,2022-11-12,Offered,No,
REQ0023,CAND00153,Engineering,L1,Naukri,2022-08-31,,Applied,No,
REQ0023,CAND00154,Engineering,L1,Employee Referral,2022-09-20,2022-10-20,Offered,No,
REQ0023,CAND00155,Engineering,L1,Naukri,2022-09-25,,Applied,No,
REQ0023,CAND00156,Engineering,L1,Employee Referral,2022-09-02,2022-09-24,Offered,No,
REQ0023,CAND00157,Engineering,L1,Employee Referral,2022-09-02,2022-10-03,Offered,No,
REQ0024,CAND00158,Engineering,L1,Naukri,2023-10-08,2023-10-10,Joined,Yes,EMP0024
REQ0024,CAND00159,Engineering,L1,Employee Referral,2023-10-01,2023-11-02,Offered,No,
REQ0024,CAND00160,Engineering,L1,Naukri,2023-10-08,,Applied,No,
REQ0024,CAND00161,Engineering,L1,Campus,2023-10-21,,Applied,No,
REQ0024,CAND00162,Engineering,L1,Recruitment Agency,2023-10-29,,Screened,No,
REQ0025,CAND00163,Sales,L4,Employee Referral,2023-05-24,2023-08-13,Joined,Yes,EMP0025
REQ0025,CAND00164,Sales,L4,LinkedIn,2023-05-16,,Applied,No,
REQ0025,CAND00165,Sales,L4,LinkedIn,2023-05-23,,Screened,No,
REQ0025,CAND00166,Sales,L4,LinkedIn,2023-06-08,,Screened,No,
REQ0025,CAND00167,Sales,L4,Careers Site,2023-05-16,,Applied,No,
REQ0025,CAND00168,Sales,L4,Employee Referral,2023-05-19,2023-06-28,Offered,No,
REQ0026,CAND00169,Sales,L1,Careers Site,2022-10-16,2023-01-03,Joined,Yes,EMP0026
REQ0026,CAND00170,Sales,L1,Employee Referral,2022-10-25,,Interviewed,No,
REQ0026,CAND00171,Sales,L1,LinkedIn,2022-10-16,2022-11-28,Offered,No,
REQ0026,CAND00172,Sales,L1,Recruitment Agency,2022-10-21,,Screened,No,
REQ0026,CAND00173,Sales,L1,Campus,2022-10-28,,Applied,No,
REQ0026,CAND00174,Sales,L1,LinkedIn,2022-10-07,2022-11-01,Offered,No,
REQ0026,CAND00175,Sales,L1,Campus,2022-10-25,,Applied,No,
REQ0026,CAND00176,Sales,L1,Naukri,2022-10-18,,Applied,No,
REQ0026,CAND00177,Sales,L1,Recruitment Agency,2022-10-24,,Applied,No,
REQ0026,CAND00178,Sales,L1,Campus,2022-10-05,,Screened,No,
REQ0027,CAND00179,Customer Success,L1,Campus,2025-06-15,2025-08-11,Joined,Yes,EMP0027
REQ0027,CAND00180,Customer Success,L1,Recruitment Agency,2025-06-20,,Applied,No,
REQ0027,CAND00181,Customer Success,L1,Careers Site,2025-06-24,,Screened,No,
REQ0027,CAND00182,Customer Success,L1,Employee Referral,2025-06-28,,Interviewed,No,
REQ0027,CAND00183,Customer Success,L1,LinkedIn,2025-06-03,,Applied,No,
REQ0027,CAND00184,Customer Success,L1,Careers Site,2025-06-21,,Interviewed,No,
REQ0027,CAND00185,Customer Success,L1,LinkedIn,2025-06-06,,Screened,No,
REQ0027,CAND00186,Customer Success,L1,LinkedIn,2025-07-06,,Applied,No,
REQ0027,CAND00187,Customer Success,L1,Employee Referral,2025-06-16,,Screened,No,
REQ0027,CAND00188,Customer Success,L1,Recruitment Agency,2025-06-14,,Applied,No,
REQ0028,CAND00189,Customer Success,L3,Employee Referral,2025-01-08,2025-03-05,Joined,Yes,EMP0028
REQ0028,CAND00190,Customer Success,L3,Recruitment Agency,2024-12-25,,Applied,No,
REQ0028,CAND00191,Customer Success,L3,Careers Site,2025-01-14,,Screened,No,
REQ0028,CAND00192,Customer Success,L3,Naukri,2025-01-03,,Screened,No,
REQ0028,CAND00193,Customer Success,L3,Employee Referral,2024-12-29,2025-01-25,Offered,No,
REQ0028,CAND00194,Customer Success,L3,Employee Referral,2025-01-26,2025-02-27,Offered,No,
REQ0028,CAND00195,Customer Success,L3,Careers Site,2025-01-01,,Screened,No,
REQ0029,CAND00196,Engineering,L2,Campus,2024-05-16,2024-07-29,Joined,Yes,EMP0029
REQ0029,CAND00197,Engineering,L2,Recruitment Agency,2024-05-02,,Applied,No,
REQ0029,CAND00198,Engineering,L2,Employee Referral,2024-05-20,,Interviewed,No,
REQ0029,CAND00199,Engineering,L2,Careers Site,2024-06-04,,Applied,No,
REQ0029,CAND00200,Engineering,L2,Campus,2024-05-30,,Screened,No,
REQ0029,CAND00201,Engineering,L2,LinkedIn,2024-06-06,,Interviewed,No,
REQ0029,CAND00202,Engineering,L2,Campus,2024-05-10,,Applied,No,
REQ0029,CAND00203,Engineering,L2,Naukri,2024-05-11,,Screened,No,
REQ0029,CAND00204,Engineering,L2,Employee Referral,2024-05-02,2024-06-14,Offered,No,
REQ0030,CAND00205,Sales,L5,LinkedIn,2020-12-17,2021-02-18,Joined,Yes,EMP0030
REQ0030,CAND00206,Sales,L5,Careers Site,2020-12-29,,Screened,No,
REQ0030,CAND00207,Sales,L5,Employee Referral,2020-12-07,,Interviewed,No,
REQ0030,CAND00208,Sales,L5,Employee Referral,2020-12-05,,Screened,No,
REQ0030,CAND00209,Sales,L5,Recruitment Agency,2020-12-14,,Interviewed,No,
REQ0030,CAND00210,Sales,L5,Naukri,2020-12-05,,Interviewed,No,
REQ0031,CAND00211,Customer Success,L3,Recruitment Agency,2019-01-26,2019-03-01,Joined,Yes,EMP0031
REQ0031,CAND00212,Customer Success,L3,Recruitment Agency,2019-01-18,,Screened,No,
REQ0031,CAND00213,Customer Success,L3,Campus,2019-02-05,,Screened,No,
REQ0031,CAND00214,Customer Success,L3,Campus,2019-02-01,,Interviewed,No,
REQ0031,CAND00215,Customer Success,L3,Employee Referral,2019-02-13,,Interviewed,No,
REQ0031,CAND00216,Customer Success,L3,Employee Referral,2019-01-31,,Screened,No,
REQ0031,CAND00217,Customer Success,L3,Careers Site,2019-02-01,2019-03-13,Offered,No,
REQ0031,CAND00218,Customer Success,L3,LinkedIn,2019-01-24,,Applied,No,
REQ0031,CAND00219,Customer Success,L3,Recruitment Agency,2019-01-20,,Applied,No,
REQ0031,CAND00220,Customer Success,L3,Employee Referral,2019-02-01,,Applied,No,
REQ0032,CAND00221,Human Resources,L2,Naukri,2020-07-23,2020-09-07,Joined,Yes,EMP0032
REQ0032,CAND00222,Human Resources,L2,LinkedIn,2020-07-17,,Applied,No,
REQ0032,CAND00223,Human Resources,L2,Careers Site,2020-08-06,,Applied,No,
REQ0032,CAND00224,Human Resources,L2,Naukri,2020-08-11,,Screened,No,
REQ0032,CAND00225,Human Resources,L2,Employee Referral,2020-08-01,,Screened,No,
REQ0032,CAND00226,Human Resources,L2,Recruitment Agency,2020-07-22,,Applied,No,
REQ0032,CAND00227,Human Resources,L2,Recruitment Agency,2020-08-05,,Interviewed,No,
REQ0032,CAND00228,Human Resources,L2,Employee Referral,2020-08-08,,Screened,No,
REQ0032,CAND00229,Human Resources,L2,Campus,2020-08-10,,Interviewed,No,
REQ0032,CAND00230,Human Resources,L2,LinkedIn,2020-07-29,,Interviewed,No,
REQ0033,CAND00231,Engineering,L1,Employee Referral,2021-01-23,2021-03-04,Joined,Yes,EMP0033
REQ0033,CAND00232,Engineering,L1,Employee Referral,2021-01-17,,Interviewed,No,
REQ0033,CAND00233,Engineering,L1,LinkedIn,2021-01-14,,Screened,No,
REQ0033,CAND00234,Engineering,L1,LinkedIn,2021-02-06,,Interviewed,No,
REQ0033,CAND00235,Engineering,L1,Naukri,2021-01-14,,Applied,No,
REQ0033,CAND00236,Engineering,L1,Employee Referral,2021-02-11,2021-03-20,Offered,No,
REQ0033,CAND00237,Engineering,L1,Naukri,2021-01-23,,Screened,No,
REQ0033,CAND00238,Engineering,L1,Careers Site,2021-01-11,,Interviewed,No,
REQ0033,CAND00239,Engineering,L1,Campus,2021-02-10,,Applied,No,
REQ0034,CAND00240,Sales,L1,Careers Site,2022-02-21,2022-04-27,Joined,Yes,EMP0034
REQ0034,CAND00241,Sales,L1,Recruitment Agency,2022-02-23,,Applied,No,
REQ0034,CAND00242,Sales,L1,Employee Referral,2022-03-03,,Screened,No,
REQ0034,CAND00243,Sales,L1,LinkedIn,2022-02-20,,Screened,No,
REQ0034,CAND00244,Sales,L1,Employee Referral,2022-02-26,,Screened,No,
REQ0034,CAND00245,Sales,L1,Naukri,2022-02-24,,Applied,No,
REQ0034,CAND00246,Sales,L1,Naukri,2022-03-13,,Applied,No,
REQ0034,CAND00247,Sales,L1,Careers Site,2022-02-08,,Applied,No,
REQ0034,CAND00248,Sales,L1,Employee Referral,2022-02-23,,Screened,No,
REQ0034,CAND00249,Sales,L1,Naukri,2022-02-26,,Applied,No,
REQ0035,CAND00250,Marketing,L3,Naukri,2023-05-29,2023-06-24,Joined,Yes,EMP0035
REQ0035,CAND00251,Marketing,L3,Naukri,2023-05-17,,Applied,No,
REQ0035,CAND00252,Marketing,L3,Employee Referral,2023-06-09,,Screened,No,
REQ0035,CAND00253,Marketing,L3,LinkedIn,2023-05-27,,Screened,No,
REQ0035,CAND00254,Marketing,L3,Recruitment Agency,2023-05-15,,Applied,No,
REQ0035,CAND00255,Marketing,L3,Recruitment Agency,2023-06-12,,Screened,No,
REQ0035,CAND00256,Marketing,L3,Careers Site,2023-05-17,2023-06-07,Offered,No,
REQ0035,CAND00257,Marketing,L3,Employee Referral,2023-06-01,,Screened,No,
REQ0035,CAND00258,Marketing,L3,Employee Referral,2023-06-14,,Screened,No,
REQ0036,CAND00259,Sales,L3,Recruitment Agency,2026-01-11,2026-02-09,Joined,Yes,EMP0036
REQ0036,CAND00260,Sales,L3,Careers Site,2026-01-30,,Screened,No,
REQ0036,CAND00261,Sales,L3,LinkedIn,2026-01-31,,Interviewed,No,
REQ0036,CAND00262,Sales,L3,Employee Referral,2026-01-11,2026-02-03,Offered,No,
REQ0036,CAND00263,Sales,L3,LinkedIn,2026-01-29,,Interviewed,No,
REQ0036,CAND00264,Sales,L3,LinkedIn,2026-01-16,,Applied,No,
REQ0036,CAND00265,Sales,L3,Naukri,2026-01-26,,Screened,No,
REQ0036,CAND00266,Sales,L3,Recruitment Agency,2026-01-14,,Applied,No,
REQ0037,CAND00267,Operations,L6,Employee Referral,2025-08-30,2025-11-15,Joined,Yes,EMP0037
REQ0037,CAND00268,Operations,L6,LinkedIn,2025-09-12,,Applied,No,
REQ0037,CAND00269,Operations,L6,LinkedIn,2025-08-18,,Screened,No,
REQ0037,CAND00270,Operations,L6,LinkedIn,2025-09-16,,Interviewed,No,
REQ0038,CAND00271,Customer Success,L3,LinkedIn,2025-04-03,2025-04-17,Joined,Yes,EMP0038
REQ0038,CAND00272,Customer Success,L3,Naukri,2025-04-20,,Interviewed,No,
REQ0038,CAND00273,Customer Success,L3,LinkedIn,2025-04-03,,Applied,No,
REQ0038,CAND00274,Customer Success,L3,Naukri,2025-03-24,,Applied,No,
REQ0039,CAND00275,Sales,L4,Careers Site,2026-02-17,2026-04-30,Joined,Yes,EMP0039
REQ0039,CAND00276,Sales,L4,LinkedIn,2026-02-25,,Interviewed,No,
REQ0039,CAND00277,Sales,L4,Employee Referral,2026-02-11,2026-03-15,Offered,No,
REQ0039,CAND00278,Sales,L4,LinkedIn,2026-02-13,2026-03-24,Offered,No,
REQ0039,CAND00279,Sales,L4,Naukri,2026-02-16,,Interviewed,No,
REQ0040,CAND00280,Marketing,L4,Employee Referral,2021-10-06,2021-11-25,Joined,Yes,EMP0040
REQ0040,CAND00281,Marketing,L4,Naukri,2021-10-20,,Applied,No,
REQ0040,CAND00282,Marketing,L4,LinkedIn,2021-09-29,,Screened,No,
REQ0040,CAND00283,Marketing,L4,Employee Referral,2021-10-07,2021-11-17,Offered,No,
REQ0040,CAND00284,Marketing,L4,Campus,2021-10-22,,Applied,No,
REQ0040,CAND00285,Marketing,L4,Recruitment Agency,2021-10-12,,Applied,No,
REQ0040,CAND00286,Marketing,L4,Careers Site,2021-10-02,,Applied,No,
REQ0040,CAND00287,Marketing,L4,Campus,2021-10-17,,Applied,No,
REQ0040,CAND00288,Marketing,L4,Campus,2021-09-23,,Screened,No,
REQ0040,CAND00289,Marketing,L4,Employee Referral,2021-10-06,,Interviewed,No,
REQ0041,CAND00290,Marketing,L3,Recruitment Agency,2026-05-03,2026-06-14,Joined,Yes,EMP0041
REQ0041,CAND00291,Marketing,L3,Recruitment Agency,2026-05-07,,Applied,No,
REQ0041,CAND00292,Marketing,L3,Recruitment Agency,2026-05-09,,Applied,No,
REQ0041,CAND00293,Marketing,L3,Employee Referral,2026-05-02,2026-05-24,Offered,No,
REQ0042,CAND00294,Operations,L1,LinkedIn,2024-04-13,2024-07-01,Joined,Yes,EMP0042
REQ0042,CAND00295,Operations,L1,Employee Referral,2024-04-28,,Interviewed,No,
REQ0042,CAND00296,Operations,L1,Recruitment Agency,2024-04-26,,Screened,No,
REQ0042,CAND00297,Operations,L1,LinkedIn,2024-04-12,,Interviewed,No,
REQ0042,CAND00298,Operations,L1,LinkedIn,2024-04-01,2024-05-08,Offered,No,
REQ0043,CAND00299,Product,L2,LinkedIn,2023-06-03,2023-06-24,Joined,Yes,EMP0043
REQ0043,CAND00300,Product,L2,Naukri,2023-06-05,,Applied,No,
REQ0043,CAND00301,Product,L2,LinkedIn,2023-06-21,,Applied,No,
REQ0043,CAND00302,Product,L2,Recruitment Agency,2023-05-21,,Screened,No,
REQ0043,CAND00303,Product,L2,Employee Referral,2023-05-21,,Screened,No,
REQ0043,CAND00304,Product,L2,Campus,2023-06-06,,Applied,No,
REQ0043,CAND00305,Product,L2,Employee Referral,2023-06-08,2023-07-07,Offered,No,
REQ0044,CAND00306,Operations,L2,Naukri,2025-01-14,2025-03-14,Joined,Yes,EMP0044
REQ0044,CAND00307,Operations,L2,Recruitment Agency,2025-01-27,,Interviewed,No,
REQ0044,CAND00308,Operations,L2,Employee Referral,2025-01-07,2025-02-20,Offered,No,
REQ0044,CAND00309,Operations,L2,Campus,2025-01-23,,Applied,No,
REQ0044,CAND00310,Operations,L2,Careers Site,2025-02-01,2025-03-11,Offered,No,
REQ0045,CAND00311,Engineering,L5,Recruitment Agency,2022-09-23,2022-11-22,Joined,Yes,EMP0045
REQ0045,CAND00312,Engineering,L5,Campus,2022-09-16,,Applied,No,
REQ0045,CAND00313,Engineering,L5,LinkedIn,2022-10-11,,Interviewed,No,
REQ0045,CAND00314,Engineering,L5,Recruitment Agency,2022-09-16,,Screened,No,
REQ0045,CAND00315,Engineering,L5,LinkedIn,2022-09-20,2022-11-02,Offered,No,
REQ0046,CAND00316,Engineering,L3,LinkedIn,2021-09-12,2021-10-26,Joined,Yes,EMP0046
REQ0046,CAND00317,Engineering,L3,Recruitment Agency,2021-09-27,,Applied,No,
REQ0046,CAND00318,Engineering,L3,Recruitment Agency,2021-09-01,,Screened,No,
REQ0046,CAND00319,Engineering,L3,Careers Site,2021-10-03,,Applied,No,
REQ0047,CAND00320,Engineering,L5,Campus,2022-09-18,2022-12-15,Joined,Yes,EMP0047
REQ0047,CAND00321,Engineering,L5,Campus,2022-09-13,,Applied,No,
REQ0047,CAND00322,Engineering,L5,LinkedIn,2022-09-27,,Screened,No,
REQ0047,CAND00323,Engineering,L5,Campus,2022-09-12,,Applied,No,
REQ0047,CAND00324,Engineering,L5,Campus,2022-09-18,,Screened,No,
REQ0047,CAND00325,Engineering,L5,LinkedIn,2022-09-27,,Screened,No,
REQ0047,CAND00326,Engineering,L5,Campus,2022-09-07,,Screened,No,
REQ0047,CAND00327,Engineering,L5,Naukri,2022-09-05,,Screened,No,
REQ0047,CAND00328,Engineering,L5,Employee Referral,2022-10-08,,Applied,No,
REQ0047,CAND00329,Engineering,L5,Naukri,2022-10-03,,Applied,No,
REQ0048,CAND00330,Product,L2,Naukri,2021-11-29,2022-03-06,Joined,Yes,EMP0048
REQ0048,CAND00331,Product,L2,Recruitment Agency,2021-11-18,,Applied,No,
REQ0048,CAND00332,Product,L2,Campus,2021-12-19,,Applied,No,
REQ0048,CAND00333,Product,L2,Careers Site,2021-12-02,,Interviewed,No,
REQ0049,CAND00334,Engineering,L2,Recruitment Agency,2023-05-16,2023-07-06,Joined,Yes,EMP0049
REQ0049,CAND00335,Engineering,L2,Careers Site,2023-05-21,,Applied,No,
REQ0049,CAND00336,Engineering,L2,Employee Referral,2023-05-23,2023-06-29,Offered,No,
REQ0049,CAND00337,Engineering,L2,Campus,2023-05-18,,Applied,No,
REQ0049,CAND00338,Engineering,L2,Naukri,2023-05-29,,Applied,No,
REQ0049,CAND00339,Engineering,L2,Employee Referral,2023-06-01,,Screened,No,
REQ0049,CAND00340,Engineering,L2,Employee Referral,2023-05-20,2023-07-02,Offered,No,
REQ0049,CAND00341,Engineering,L2,Campus,2023-05-15,,Applied,No,
REQ0049,CAND00342,Engineering,L2,Naukri,2023-05-20,,Screened,No,
REQ0050,CAND00343,Customer Success,L3,Campus,2023-06-27,2023-08-08,Joined,Yes,EMP0050
REQ0050,CAND00344,Customer Success,L3,LinkedIn,2023-06-30,,Screened,No,
REQ0050,CAND00345,Customer Success,L3,LinkedIn,2023-07-15,,Interviewed,No,
REQ0050,CAND00346,Customer Success,L3,Employee Referral,2023-07-06,2023-08-20,Offered,No,
REQ0050,CAND00347,Customer Success,L3,Employee Referral,2023-07-18,,Applied,No,
REQ0050,CAND00348,Customer Success,L3,LinkedIn,2023-06-16,,Screened,No,
REQ0050,CAND00349,Customer Success,L3,LinkedIn,2023-07-14,,Applied,No,
REQ0050,CAND00350,Customer Success,L3,Recruitment Agency,2023-06-23,,Screened,No,
REQ0050,CAND00351,Customer Success,L3,Careers Site,2023-06-18,,Interviewed,No,
REQ0051,CAND00352,Operations,L1,LinkedIn,2021-07-05,2021-08-09,Joined,Yes,EMP0051
REQ0051,CAND00353,Operations,L1,LinkedIn,2021-07-06,,Screened,No,
REQ0051,CAND00354,Operations,L1,LinkedIn,2021-07-15,,Applied,No,
REQ0051,CAND00355,Operations,L1,Careers Site,2021-07-21,,Applied,No,
REQ0051,CAND00356,Operations,L1,Naukri,2021-06-22,,Screened,No,
REQ0051,CAND00357,Operations,L1,LinkedIn,2021-06-21,,Screened,No,
REQ0051,CAND00358,Operations,L1,Employee Referral,2021-07-21,2021-08-16,Offered,No,
REQ0051,CAND00359,Operations,L1,LinkedIn,2021-07-17,,Screened,No,
REQ0051,CAND00360,Operations,L1,Recruitment Agency,2021-06-21,,Applied,No,
REQ0052,CAND00361,Engineering,L1,Employee Referral,2021-02-18,2021-04-15,Joined,Yes,EMP0052
REQ0052,CAND00362,Engineering,L1,Careers Site,2021-03-01,,Applied,No,
REQ0052,CAND00363,Engineering,L1,Careers Site,2021-02-26,,Screened,No,
REQ0052,CAND00364,Engineering,L1,Campus,2021-02-24,,Applied,No,
REQ0052,CAND00365,Engineering,L1,Campus,2021-02-20,,Screened,No,
REQ0052,CAND00366,Engineering,L1,Recruitment Agency,2021-02-23,,Applied,No,
REQ0052,CAND00367,Engineering,L1,LinkedIn,2021-02-22,,Applied,No,
REQ0052,CAND00368,Engineering,L1,LinkedIn,2021-02-18,,Applied,No,
REQ0052,CAND00369,Engineering,L1,Employee Referral,2021-03-11,2021-04-10,Offered,No,
REQ0053,CAND00370,Finance,L4,Employee Referral,2021-07-10,2021-08-01,Joined,Yes,EMP0053
REQ0053,CAND00371,Finance,L4,Recruitment Agency,2021-07-17,,Interviewed,No,
REQ0053,CAND00372,Finance,L4,LinkedIn,2021-07-24,,Applied,No,
REQ0053,CAND00373,Finance,L4,Employee Referral,2021-07-24,2021-08-20,Offered,No,
REQ0053,CAND00374,Finance,L4,LinkedIn,2021-07-25,,Screened,No,
REQ0053,CAND00375,Finance,L4,Recruitment Agency,2021-07-30,,Interviewed,No,
REQ0053,CAND00376,Finance,L4,Naukri,2021-07-05,,Interviewed,No,
REQ0053,CAND00377,Finance,L4,Careers Site,2021-07-14,,Applied,No,
REQ0053,CAND00378,Finance,L4,Campus,2021-07-13,,Screened,No,
REQ0053,CAND00379,Finance,L4,Campus,2021-07-24,,Screened,No,
REQ0054,CAND00380,Engineering,L1,Careers Site,2019-10-04,2019-11-03,Joined,Yes,EMP0054
REQ0054,CAND00381,Engineering,L1,Campus,2019-10-11,,Applied,No,
REQ0054,CAND00382,Engineering,L1,Employee Referral,2019-09-28,2019-11-10,Offered,No,
REQ0054,CAND00383,Engineering,L1,LinkedIn,2019-10-01,,Interviewed,No,
REQ0054,CAND00384,Engineering,L1,Employee Referral,2019-10-22,2019-11-15,Offered,No,
REQ0054,CAND00385,Engineering,L1,Employee Referral,2019-09-20,,Interviewed,No,
REQ0054,CAND00386,Engineering,L1,Campus,2019-10-25,,Interviewed,No,
REQ0054,CAND00387,Engineering,L1,Recruitment Agency,2019-10-23,,Applied,No,
REQ0054,CAND00388,Engineering,L1,Careers Site,2019-09-29,,Interviewed,No,
REQ0054,CAND00389,Engineering,L1,Employee Referral,2019-10-25,,Screened,No,
REQ0055,CAND00390,Engineering,L3,Recruitment Agency,2022-09-13,2022-10-24,Joined,Yes,EMP0055
REQ0055,CAND00391,Engineering,L3,Employee Referral,2022-09-14,,Interviewed,No,
REQ0055,CAND00392,Engineering,L3,Campus,2022-09-20,,Applied,No,
REQ0055,CAND00393,Engineering,L3,Careers Site,2022-09-13,,Screened,No,
REQ0055,CAND00394,Engineering,L3,Employee Referral,2022-09-28,,Applied,No,
REQ0055,CAND00395,Engineering,L3,LinkedIn,2022-09-15,,Applied,No,
REQ0055,CAND00396,Engineering,L3,Employee Referral,2022-08-30,,Screened,No,
REQ0055,CAND00397,Engineering,L3,LinkedIn,2022-09-18,,Interviewed,No,
REQ0056,CAND00398,Sales,L6,Naukri,2024-09-29,2024-10-19,Joined,Yes,EMP0056
REQ0056,CAND00399,Sales,L6,Campus,2024-09-28,,Screened,No,
REQ0056,CAND00400,Sales,L6,Employee Referral,2024-10-18,2024-11-23,Offered,No,
REQ0056,CAND00401,Sales,L6,Naukri,2024-09-15,,Interviewed,No,
REQ0056,CAND00402,Sales,L6,Naukri,2024-09-28,,Screened,No,
REQ0056,CAND00403,Sales,L6,Careers Site,2024-10-02,,Applied,No,
REQ0057,CAND00404,Engineering,L1,Careers Site,2024-04-12,2024-06-30,Joined,Yes,EMP0057
REQ0057,CAND00405,Engineering,L1,LinkedIn,2024-04-29,,Applied,No,
REQ0057,CAND00406,Engineering,L1,LinkedIn,2024-04-29,2024-05-22,Offered,No,
REQ0057,CAND00407,Engineering,L1,LinkedIn,2024-04-05,2024-05-14,Offered,No,
REQ0057,CAND00408,Engineering,L1,Recruitment Agency,2024-04-15,,Interviewed,No,
REQ0057,CAND00409,Engineering,L1,Recruitment Agency,2024-04-18,,Screened,No,
REQ0057,CAND00410,Engineering,L1,Naukri,2024-05-03,,Screened,No,
REQ0057,CAND00411,Engineering,L1,Careers Site,2024-04-06,,Screened,No,
REQ0057,CAND00412,Engineering,L1,Recruitment Agency,2024-05-01,,Applied,No,
REQ0058,CAND00413,Customer Success,L3,Naukri,2020-05-29,2020-08-14,Joined,Yes,EMP0058
REQ0058,CAND00414,Customer Success,L3,LinkedIn,2020-05-19,,Screened,No,
REQ0058,CAND00415,Customer Success,L3,Naukri,2020-06-19,,Applied,No,
REQ0058,CAND00416,Customer Success,L3,LinkedIn,2020-05-16,,Interviewed,No,
REQ0059,CAND00417,Marketing,L2,Recruitment Agency,2021-08-14,2021-10-28,Joined,Yes,EMP0059
REQ0059,CAND00418,Marketing,L2,Employee Referral,2021-08-21,,Interviewed,No,
REQ0059,CAND00419,Marketing,L2,Careers Site,2021-08-07,,Interviewed,No,
REQ0059,CAND00420,Marketing,L2,Naukri,2021-08-22,,Applied,No,
REQ0059,CAND00421,Marketing,L2,Employee Referral,2021-08-13,,Interviewed,No,
REQ0059,CAND00422,Marketing,L2,Campus,2021-08-04,,Applied,No,
REQ0060,CAND00423,Operations,L1,Campus,2022-03-26,2022-06-06,Joined,Yes,EMP0060
REQ0060,CAND00424,Operations,L1,Employee Referral,2022-03-13,2022-04-04,Offered,No,
REQ0060,CAND00425,Operations,L1,LinkedIn,2022-03-22,2022-04-14,Offered,No,
REQ0060,CAND00426,Operations,L1,Employee Referral,2022-03-13,,Screened,No,
REQ0060,CAND00427,Operations,L1,Campus,2022-03-15,,Applied,No,
REQ0060,CAND00428,Operations,L1,Employee Referral,2022-03-15,,Screened,No,
REQ0060,CAND00429,Operations,L1,Naukri,2022-04-03,,Applied,No,
REQ0060,CAND00430,Operations,L1,LinkedIn,2022-03-27,,Screened,No,
REQ0061,CAND00431,Operations,L5,Recruitment Agency,2019-01-07,2019-02-19,Joined,Yes,EMP0061
REQ0061,CAND00432,Operations,L5,LinkedIn,2018-12-31,,Applied,No,
REQ0061,CAND00433,Operations,L5,Careers Site,2019-01-21,2019-02-22,Offered,No,
REQ0061,CAND00434,Operations,L5,Careers Site,2019-01-22,,Applied,No,
REQ0061,CAND00435,Operations,L5,Employee Referral,2019-01-21,,Screened,No,
REQ0061,CAND00436,Operations,L5,LinkedIn,2019-01-10,,Screened,No,
REQ0061,CAND00437,Operations,L5,Employee Referral,2019-01-13,,Applied,No,
REQ0062,CAND00438,Engineering,L3,LinkedIn,2020-07-20,2020-08-25,Joined,Yes,EMP0062
REQ0062,CAND00439,Engineering,L3,Employee Referral,2020-07-21,2020-08-30,Offered,No,
REQ0062,CAND00440,Engineering,L3,LinkedIn,2020-07-08,,Applied,No,
REQ0062,CAND00441,Engineering,L3,Campus,2020-07-19,,Applied,No,
REQ0062,CAND00442,Engineering,L3,LinkedIn,2020-07-20,,Screened,No,
REQ0062,CAND00443,Engineering,L3,LinkedIn,2020-08-04,,Screened,No,
REQ0062,CAND00444,Engineering,L3,Careers Site,2020-07-11,,Screened,No,
REQ0062,CAND00445,Engineering,L3,Employee Referral,2020-08-02,,Applied,No,
REQ0062,CAND00446,Engineering,L3,LinkedIn,2020-07-25,,Applied,No,
REQ0062,CAND00447,Engineering,L3,LinkedIn,2020-08-07,,Applied,No,
REQ0063,CAND00448,Marketing,L1,Employee Referral,2018-11-02,2019-01-09,Joined,Yes,EMP0063
REQ0063,CAND00449,Marketing,L1,Naukri,2018-11-05,,Applied,No,
REQ0063,CAND00450,Marketing,L1,Campus,2018-11-20,,Interviewed,No,
REQ0063,CAND00451,Marketing,L1,Careers Site,2018-11-06,,Interviewed,No,
REQ0064,CAND00452,Customer Success,L3,Naukri,2023-08-25,2023-11-16,Joined,Yes,EMP0064
REQ0064,CAND00453,Customer Success,L3,Naukri,2023-08-13,,Screened,No,
REQ0064,CAND00454,Customer Success,L3,Campus,2023-08-17,,Screened,No,
REQ0064,CAND00455,Customer Success,L3,Recruitment Agency,2023-08-29,,Screened,No,
REQ0065,CAND00456,Product,L1,Employee Referral,2019-02-07,2019-03-09,Joined,Yes,EMP0065
REQ0065,CAND00457,Product,L1,Naukri,2019-02-09,,Screened,No,
REQ0065,CAND00458,Product,L1,Employee Referral,2019-02-13,,Screened,No,
REQ0065,CAND00459,Product,L1,Naukri,2019-02-17,,Screened,No,
REQ0065,CAND00460,Product,L1,LinkedIn,2019-01-25,,Interviewed,No,
REQ0065,CAND00461,Product,L1,LinkedIn,2019-02-26,,Applied,No,
REQ0065,CAND00462,Product,L1,LinkedIn,2019-02-12,,Applied,No,
REQ0065,CAND00463,Product,L1,LinkedIn,2019-02-20,,Interviewed,No,
REQ0065,CAND00464,Product,L1,Careers Site,2019-01-27,,Applied,No,
REQ0065,CAND00465,Product,L1,Employee Referral,2019-02-01,2019-03-01,Offered,No,
REQ0066,CAND00466,Engineering,L6,Employee Referral,2022-07-12,2022-08-16,Joined,Yes,EMP0066
REQ0066,CAND00467,Engineering,L6,Campus,2022-07-10,,Screened,No,
REQ0066,CAND00468,Engineering,L6,Careers Site,2022-07-08,,Screened,No,
REQ0066,CAND00469,Engineering,L6,Naukri,2022-07-17,,Applied,No,
REQ0066,CAND00470,Engineering,L6,Employee Referral,2022-07-31,,Screened,No,
REQ0066,CAND00471,Engineering,L6,Campus,2022-07-26,,Applied,No,
REQ0066,CAND00472,Engineering,L6,Campus,2022-07-05,,Screened,No,
REQ0066,CAND00473,Engineering,L6,Careers Site,2022-06-29,,Screened,No,
REQ0067,CAND00474,Sales,L4,Recruitment Agency,2019-03-06,2019-03-20,Joined,Yes,EMP0067
REQ0067,CAND00475,Sales,L4,Recruitment Agency,2019-03-16,,Applied,No,
REQ0067,CAND00476,Sales,L4,Naukri,2019-03-26,,Applied,No,
REQ0067,CAND00477,Sales,L4,Campus,2019-03-23,,Applied,No,
REQ0067,CAND00478,Sales,L4,LinkedIn,2019-02-20,,Applied,No,
REQ0067,CAND00479,Sales,L4,Employee Referral,2019-02-26,2019-04-10,Offered,No,
REQ0067,CAND00480,Sales,L4,Employee Referral,2019-03-22,2019-04-23,Offered,No,
REQ0068,CAND00481,Sales,L6,Careers Site,2018-12-19,2019-01-16,Joined,Yes,EMP0068
REQ0068,CAND00482,Sales,L6,Employee Referral,2018-12-22,2019-01-19,Offered,No,
REQ0068,CAND00483,Sales,L6,Campus,2019-01-06,,Applied,No,
REQ0068,CAND00484,Sales,L6,Naukri,2018-12-20,,Applied,No,
REQ0068,CAND00485,Sales,L6,Naukri,2018-12-11,,Screened,No,
REQ0068,CAND00486,Sales,L6,Careers Site,2019-01-03,,Applied,No,
REQ0068,CAND00487,Sales,L6,Careers Site,2018-12-12,,Screened,No,
REQ0068,CAND00488,Sales,L6,Campus,2018-12-10,,Applied,No,
REQ0068,CAND00489,Sales,L6,Recruitment Agency,2018-12-16,,Applied,No,
REQ0068,CAND00490,Sales,L6,LinkedIn,2018-12-06,2019-01-15,Offered,No,
REQ0069,CAND00491,Engineering,L4,Careers Site,2019-12-23,2020-01-19,Joined,Yes,EMP0069
REQ0069,CAND00492,Engineering,L4,Careers Site,2019-12-27,,Interviewed,No,
REQ0069,CAND00493,Engineering,L4,Campus,2020-01-08,,Screened,No,
REQ0069,CAND00494,Engineering,L4,Naukri,2019-12-17,,Screened,No,
REQ0070,CAND00495,Engineering,L2,Naukri,2025-05-03,2025-07-28,Joined,Yes,EMP0070
REQ0070,CAND00496,Engineering,L2,LinkedIn,2025-04-21,,Applied,No,
REQ0070,CAND00497,Engineering,L2,LinkedIn,2025-05-11,,Screened,No,
REQ0070,CAND00498,Engineering,L2,Recruitment Agency,2025-05-23,,Applied,No,
REQ0071,CAND00499,Engineering,L1,Naukri,2019-11-02,2019-12-02,Joined,Yes,EMP0071
REQ0071,CAND00500,Engineering,L1,Employee Referral,2019-10-22,,Applied,No,
REQ0071,CAND00501,Engineering,L1,Employee Referral,2019-11-10,,Screened,No,
REQ0071,CAND00502,Engineering,L1,Recruitment Agency,2019-10-27,,Applied,No,
REQ0071,CAND00503,Engineering,L1,Employee Referral,2019-10-31,,Applied,No,
REQ0071,CAND00504,Engineering,L1,Recruitment Agency,2019-11-02,,Screened,No,
REQ0072,CAND00505,Sales,L1,LinkedIn,2019-05-19,2019-08-02,Joined,Yes,EMP0072
REQ0072,CAND00506,Sales,L1,Campus,2019-06-07,,Applied,No,
REQ0072,CAND00507,Sales,L1,LinkedIn,2019-06-07,,Screened,No,
REQ0072,CAND00508,Sales,L1,Naukri,2019-06-09,,Applied,No,
REQ0072,CAND00509,Sales,L1,Careers Site,2019-05-27,,Screened,No,
REQ0073,CAND00510,Engineering,L5,LinkedIn,2025-07-21,2025-09-23,Joined,Yes,EMP0073
REQ0073,CAND00511,Engineering,L5,LinkedIn,2025-08-08,,Interviewed,No,
REQ0073,CAND00512,Engineering,L5,Employee Referral,2025-07-17,2025-08-27,Offered,No,
REQ0073,CAND00513,Engineering,L5,Employee Referral,2025-07-12,,Screened,No,
REQ0073,CAND00514,Engineering,L5,Recruitment Agency,2025-07-18,,Applied,No,
REQ0073,CAND00515,Engineering,L5,Careers Site,2025-07-18,2025-08-10,Offered,No,
REQ0073,CAND00516,Engineering,L5,Campus,2025-07-22,,Interviewed,No,
REQ0073,CAND00517,Engineering,L5,Recruitment Agency,2025-07-29,,Applied,No,
REQ0073,CAND00518,Engineering,L5,Recruitment Agency,2025-07-13,,Interviewed,No,
REQ0074,CAND00519,Engineering,L2,Campus,2019-01-04,2019-02-23,Joined,Yes,EMP0074
REQ0074,CAND00520,Engineering,L2,Employee Referral,2019-01-17,,Interviewed,No,
REQ0074,CAND00521,Engineering,L2,Naukri,2019-01-20,,Applied,No,
REQ0074,CAND00522,Engineering,L2,LinkedIn,2019-01-11,,Applied,No,
REQ0074,CAND00523,Engineering,L2,LinkedIn,2019-01-08,,Applied,No,
REQ0075,CAND00524,Product,L2,Careers Site,2020-05-13,2020-07-25,Joined,Yes,EMP0075
REQ0075,CAND00525,Product,L2,LinkedIn,2020-05-02,,Screened,No,
REQ0075,CAND00526,Product,L2,Employee Referral,2020-05-07,2020-06-05,Offered,No,
REQ0075,CAND00527,Product,L2,LinkedIn,2020-05-25,,Screened,No,
REQ0075,CAND00528,Product,L2,Campus,2020-05-10,,Interviewed,No,
REQ0075,CAND00529,Product,L2,Naukri,2020-05-27,,Interviewed,No,
REQ0075,CAND00530,Product,L2,Campus,2020-05-29,,Applied,No,
REQ0075,CAND00531,Product,L2,LinkedIn,2020-05-31,,Screened,No,
REQ0075,CAND00532,Product,L2,LinkedIn,2020-05-06,,Screened,No,
REQ0075,CAND00533,Product,L2,Campus,2020-05-22,,Applied,No,
REQ0076,CAND00534,Operations,L4,LinkedIn,2024-02-05,2024-02-17,Joined,Yes,EMP0076
REQ0076,CAND00535,Operations,L4,Employee Referral,2024-02-12,,Screened,No,
REQ0076,CAND00536,Operations,L4,Careers Site,2024-02-07,,Screened,No,
REQ0076,CAND00537,Operations,L4,Campus,2024-02-01,,Screened,No,
REQ0076,CAND00538,Operations,L4,LinkedIn,2024-02-15,,Screened,No,
REQ0076,CAND00539,Operations,L4,Naukri,2024-02-25,,Applied,No,
REQ0076,CAND00540,Operations,L4,Naukri,2024-02-16,,Applied,No,
REQ0076,CAND00541,Operations,L4,LinkedIn,2024-02-24,,Applied,No,
REQ0076,CAND00542,Operations,L4,LinkedIn,2024-02-10,,Applied,No,
REQ0077,CAND00543,Engineering,L5,Campus,2020-11-07,2020-12-11,Joined,Yes,EMP0077
REQ0077,CAND00544,Engineering,L5,Careers Site,2020-11-27,2020-12-28,Offered,No,
REQ0077,CAND00545,Engineering,L5,LinkedIn,2020-11-08,,Interviewed,No,
REQ0077,CAND00546,Engineering,L5,LinkedIn,2020-10-30,,Screened,No,
REQ0077,CAND00547,Engineering,L5,Employee Referral,2020-11-10,,Screened,No,
REQ0077,CAND00548,Engineering,L5,LinkedIn,2020-10-24,,Screened,No,
REQ0077,CAND00549,Engineering,L5,LinkedIn,2020-11-17,,Applied,No,
REQ0078,CAND00550,Finance,L3,Recruitment Agency,2025-11-15,2026-01-02,Joined,Yes,EMP0078
REQ0078,CAND00551,Finance,L3,Recruitment Agency,2025-11-30,,Screened,No,
REQ0078,CAND00552,Finance,L3,LinkedIn,2025-11-25,,Screened,No,
REQ0078,CAND00553,Finance,L3,Campus,2025-11-10,,Applied,No,
REQ0078,CAND00554,Finance,L3,Naukri,2025-11-14,,Applied,No,
REQ0078,CAND00555,Finance,L3,Employee Referral,2025-11-23,2025-12-26,Offered,No,
REQ0078,CAND00556,Finance,L3,Employee Referral,2025-12-05,,Screened,No,
REQ0078,CAND00557,Finance,L3,Campus,2025-11-24,,Applied,No,
REQ0078,CAND00558,Finance,L3,Employee Referral,2025-12-01,2026-01-07,Offered,No,
REQ0079,CAND00559,Sales,L6,Careers Site,2018-11-05,2019-02-07,Joined,Yes,EMP0079
REQ0079,CAND00560,Sales,L6,Campus,2018-11-24,,Applied,No,
REQ0079,CAND00561,Sales,L6,LinkedIn,2018-11-12,2018-12-24,Offered,No,
REQ0079,CAND00562,Sales,L6,Naukri,2018-11-23,,Applied,No,
REQ0079,CAND00563,Sales,L6,LinkedIn,2018-11-22,,Interviewed,No,
REQ0079,CAND00564,Sales,L6,Recruitment Agency,2018-11-15,,Interviewed,No,
REQ0080,CAND00565,Human Resources,L3,Employee Referral,2025-01-30,2025-04-19,Joined,Yes,EMP0080
REQ0080,CAND00566,Human Resources,L3,Naukri,2025-02-19,,Applied,No,
REQ0080,CAND00567,Human Resources,L3,Recruitment Agency,2025-01-25,,Screened,No,
REQ0080,CAND00568,Human Resources,L3,Careers Site,2025-02-11,,Screened,No,
REQ0080,CAND00569,Human Resources,L3,Employee Referral,2025-01-29,2025-03-11,Offered,No,
REQ0080,CAND00570,Human Resources,L3,LinkedIn,2025-02-15,,Applied,No,
REQ0080,CAND00571,Human Resources,L3,Campus,2025-01-31,,Screened,No,
REQ0080,CAND00572,Human Resources,L3,Campus,2025-01-19,,Screened,No,
REQ0080,CAND00573,Human Resources,L3,Campus,2025-02-19,,Applied,No,
REQ0081,CAND00574,Engineering,L4,Campus,2021-05-01,2021-07-25,Joined,Yes,EMP0081
REQ0081,CAND00575,Engineering,L4,LinkedIn,2021-05-15,,Screened,No,
REQ0081,CAND00576,Engineering,L4,LinkedIn,2021-04-18,,Screened,No,
REQ0081,CAND00577,Engineering,L4,Employee Referral,2021-04-26,,Screened,No,
REQ0081,CAND00578,Engineering,L4,LinkedIn,2021-04-22,,Applied,No,
REQ0082,CAND00579,Marketing,L3,LinkedIn,2020-06-21,2020-07-22,Joined,Yes,EMP0082
REQ0082,CAND00580,Marketing,L3,LinkedIn,2020-06-23,2020-08-05,Offered,No,
REQ0082,CAND00581,Marketing,L3,Careers Site,2020-06-07,,Applied,No,
REQ0082,CAND00582,Marketing,L3,Naukri,2020-06-24,,Screened,No,
REQ0082,CAND00583,Marketing,L3,LinkedIn,2020-07-12,,Applied,No,
REQ0082,CAND00584,Marketing,L3,Campus,2020-07-12,,Interviewed,No,
REQ0082,CAND00585,Marketing,L3,Recruitment Agency,2020-07-05,,Interviewed,No,
REQ0083,CAND00586,Engineering,L5,Campus,2021-12-29,2022-03-05,Joined,Yes,EMP0083
REQ0083,CAND00587,Engineering,L5,Employee Referral,2022-01-08,,Interviewed,No,
REQ0083,CAND00588,Engineering,L5,LinkedIn,2021-12-17,,Applied,No,
REQ0083,CAND00589,Engineering,L5,Naukri,2021-12-16,,Applied,No,
REQ0083,CAND00590,Engineering,L5,Recruitment Agency,2022-01-17,,Screened,No,
REQ0083,CAND00591,Engineering,L5,LinkedIn,2022-01-05,,Screened,No,
REQ0083,CAND00592,Engineering,L5,LinkedIn,2022-01-09,,Screened,No,
REQ0083,CAND00593,Engineering,L5,Naukri,2022-01-16,,Screened,No,
REQ0083,CAND00594,Engineering,L5,Recruitment Agency,2022-01-08,,Applied,No,
REQ0083,CAND00595,Engineering,L5,Employee Referral,2021-12-25,,Screened,No,
REQ0084,CAND00596,Engineering,L5,Campus,2022-11-01,2022-12-03,Joined,Yes,EMP0084
REQ0084,CAND00597,Engineering,L5,LinkedIn,2022-11-17,,Applied,No,
REQ0084,CAND00598,Engineering,L5,Naukri,2022-11-19,,Screened,No,
REQ0084,CAND00599,Engineering,L5,Recruitment Agency,2022-10-30,,Screened,No,
REQ0084,CAND00600,Engineering,L5,Recruitment Agency,2022-11-15,,Applied,No,
REQ0084,CAND00601,Engineering,L5,Employee Referral,2022-11-01,2022-11-28,Offered,No,
REQ0084,CAND00602,Engineering,L5,LinkedIn,2022-11-04,,Interviewed,No,
REQ0084,CAND00603,Engineering,L5,Employee Referral,2022-11-15,,Applied,No,
REQ0085,CAND00604,Human Resources,L3,Careers Site,2023-09-30,2023-11-22,Joined,Yes,EMP0085
REQ0085,CAND00605,Human Resources,L3,Recruitment Agency,2023-10-15,,Screened,No,
REQ0085,CAND00606,Human Resources,L3,Recruitment Agency,2023-10-02,,Screened,No,
REQ0085,CAND00607,Human Resources,L3,Employee Referral,2023-10-01,2023-11-12,Offered,No,
REQ0085,CAND00608,Human Resources,L3,Careers Site,2023-10-13,,Screened,No,
REQ0085,CAND00609,Human Resources,L3,Recruitment Agency,2023-10-09,,Applied,No,
REQ0086,CAND00610,Sales,L4,LinkedIn,2021-05-29,2021-07-15,Joined,Yes,EMP0086
REQ0086,CAND00611,Sales,L4,Campus,2021-06-18,,Applied,No,
REQ0086,CAND00612,Sales,L4,Naukri,2021-05-15,,Applied,No,
REQ0086,CAND00613,Sales,L4,Employee Referral,2021-06-13,2021-07-08,Offered,No,
REQ0087,CAND00614,Marketing,L2,Naukri,2020-07-06,2020-09-03,Joined,Yes,EMP0087
REQ0087,CAND00615,Marketing,L2,Recruitment Agency,2020-07-09,,Applied,No,
REQ0087,CAND00616,Marketing,L2,LinkedIn,2020-07-23,2020-08-12,Offered,No,
REQ0087,CAND00617,Marketing,L2,LinkedIn,2020-06-29,,Applied,No,
REQ0087,CAND00618,Marketing,L2,Naukri,2020-06-28,,Applied,No,
REQ0087,CAND00619,Marketing,L2,Campus,2020-07-24,,Applied,No,
REQ0087,CAND00620,Marketing,L2,Careers Site,2020-07-21,2020-08-13,Offered,No,
REQ0088,CAND00621,Finance,L2,LinkedIn,2025-10-15,2025-12-04,Joined,Yes,EMP0088
REQ0088,CAND00622,Finance,L2,Careers Site,2025-10-27,,Interviewed,No,
REQ0088,CAND00623,Finance,L2,Campus,2025-10-15,,Applied,No,
REQ0088,CAND00624,Finance,L2,LinkedIn,2025-11-02,,Interviewed,No,
REQ0088,CAND00625,Finance,L2,Careers Site,2025-10-07,,Applied,No,
REQ0088,CAND00626,Finance,L2,Employee Referral,2025-10-14,,Screened,No,
REQ0089,CAND00627,Finance,L4,Employee Referral,2023-08-18,2023-11-15,Joined,Yes,EMP0089
REQ0089,CAND00628,Finance,L4,Campus,2023-08-04,,Applied,No,
REQ0089,CAND00629,Finance,L4,Careers Site,2023-08-06,,Applied,No,
REQ0089,CAND00630,Finance,L4,Employee Referral,2023-08-23,2023-10-04,Offered,No,
REQ0089,CAND00631,Finance,L4,Naukri,2023-08-30,,Applied,No,
REQ0089,CAND00632,Finance,L4,Recruitment Agency,2023-09-04,,Screened,No,
REQ0089,CAND00633,Finance,L4,Recruitment Agency,2023-08-09,,Applied,No,
REQ0090,CAND00634,Customer Success,L2,LinkedIn,2021-12-15,2022-01-17,Joined,Yes,EMP0090
REQ0090,CAND00635,Customer Success,L2,Naukri,2021-12-24,,Applied,No,
REQ0090,CAND00636,Customer Success,L2,LinkedIn,2021-12-25,,Screened,No,
REQ0090,CAND00637,Customer Success,L2,Employee Referral,2022-01-01,2022-02-02,Offered,No,
REQ0090,CAND00638,Customer Success,L2,Naukri,2021-12-30,,Screened,No,
REQ0090,CAND00639,Customer Success,L2,Campus,2021-12-11,,Applied,No,
REQ0090,CAND00640,Customer Success,L2,Employee Referral,2021-12-26,,Interviewed,No,
REQ0090,CAND00641,Customer Success,L2,LinkedIn,2021-12-05,,Applied,No,
REQ0090,CAND00642,Customer Success,L2,LinkedIn,2021-12-29,,Applied,No,
REQ0090,CAND00643,Customer Success,L2,Recruitment Agency,2021-12-21,,Applied,No,
REQ0091,CAND00644,Sales,L2,Employee Referral,2021-07-23,2021-09-15,Joined,Yes,EMP0091
REQ0091,CAND00645,Sales,L2,Campus,2021-07-14,,Applied,No,
REQ0091,CAND00646,Sales,L2,Naukri,2021-08-07,,Applied,No,
REQ0091,CAND00647,Sales,L2,Employee Referral,2021-07-20,,Screened,No,
REQ0091,CAND00648,Sales,L2,Naukri,2021-08-01,,Screened,No,
REQ0091,CAND00649,Sales,L2,Employee Referral,2021-08-05,,Screened,No,
REQ0091,CAND00650,Sales,L2,Naukri,2021-07-21,,Screened,No,
REQ0091,CAND00651,Sales,L2,Campus,2021-07-23,,Interviewed,No,
REQ0091,CAND00652,Sales,L2,LinkedIn,2021-08-02,,Applied,No,
REQ0091,CAND00653,Sales,L2,LinkedIn,2021-08-10,2021-08-31,Offered,No,
REQ0092,CAND00654,Engineering,L1,Employee Referral,2024-11-20,2024-12-21,Joined,Yes,EMP0092
REQ0092,CAND00655,Engineering,L1,Recruitment Agency,2024-12-11,,Applied,No,
REQ0092,CAND00656,Engineering,L1,Naukri,2024-12-09,,Screened,No,
REQ0092,CAND00657,Engineering,L1,Recruitment Agency,2024-11-23,,Applied,No,
REQ0092,CAND00658,Engineering,L1,Recruitment Agency,2024-11-07,,Applied,No,
REQ0092,CAND00659,Engineering,L1,Employee Referral,2024-11-09,2024-12-18,Offered,No,
REQ0092,CAND00660,Engineering,L1,Employee Referral,2024-11-18,2024-12-15,Offered,No,
REQ0092,CAND00661,Engineering,L1,Employee Referral,2024-11-19,,Screened,No,
REQ0093,CAND00662,Customer Success,L5,Recruitment Agency,2024-09-22,2024-12-04,Joined,Yes,EMP0093
REQ0093,CAND00663,Customer Success,L5,Naukri,2024-10-08,,Interviewed,No,
REQ0093,CAND00664,Customer Success,L5,Careers Site,2024-09-18,,Applied,No,
REQ0093,CAND00665,Customer Success,L5,LinkedIn,2024-09-09,,Applied,No,
REQ0093,CAND00666,Customer Success,L5,Employee Referral,2024-10-03,,Screened,No,
REQ0093,CAND00667,Customer Success,L5,LinkedIn,2024-09-19,,Screened,No,
REQ0093,CAND00668,Customer Success,L5,LinkedIn,2024-10-09,,Interviewed,No,
REQ0093,CAND00669,Customer Success,L5,Recruitment Agency,2024-09-15,,Interviewed,No,
REQ0093,CAND00670,Customer Success,L5,LinkedIn,2024-10-12,,Applied,No,
REQ0093,CAND00671,Customer Success,L5,Careers Site,2024-09-11,,Applied,No,
REQ0094,CAND00672,Engineering,L1,Recruitment Agency,2021-01-22,2021-02-03,Joined,Yes,EMP0094
REQ0094,CAND00673,Engineering,L1,Campus,2021-01-08,,Screened,No,
REQ0094,CAND00674,Engineering,L1,Campus,2021-01-10,,Interviewed,No,
REQ0094,CAND00675,Engineering,L1,Careers Site,2021-02-02,,Applied,No,
REQ0095,CAND00676,Sales,L5,LinkedIn,2020-02-19,2020-03-27,Joined,Yes,EMP0095
REQ0095,CAND00677,Sales,L5,LinkedIn,2020-02-22,,Screened,No,
REQ0095,CAND00678,Sales,L5,Campus,2020-02-23,,Screened,No,
REQ0095,CAND00679,Sales,L5,Employee Referral,2020-02-26,2020-03-18,Offered,No,
REQ0095,CAND00680,Sales,L5,Employee Referral,2020-03-03,2020-04-06,Offered,No,
REQ0095,CAND00681,Sales,L5,Employee Referral,2020-02-28,,Applied,No,
REQ0095,CAND00682,Sales,L5,Employee Referral,2020-03-03,,Screened,No,
REQ0096,CAND00683,Product,L1,Employee Referral,2023-01-09,2023-02-19,Joined,Yes,EMP0096
REQ0096,CAND00684,Product,L1,Careers Site,2023-01-28,,Screened,No,
REQ0096,CAND00685,Product,L1,Employee Referral,2022-12-26,,Applied,No,
REQ0096,CAND00686,Product,L1,LinkedIn,2023-01-23,,Applied,No,
REQ0097,CAND00687,Engineering,L4,Employee Referral,2023-03-25,2023-05-18,Joined,Yes,EMP0097
REQ0097,CAND00688,Engineering,L4,Employee Referral,2023-04-15,,Screened,No,
REQ0097,CAND00689,Engineering,L4,Recruitment Agency,2023-03-26,,Applied,No,
REQ0097,CAND00690,Engineering,L4,Employee Referral,2023-03-13,,Applied,No,
REQ0098,CAND00691,Customer Success,L2,Employee Referral,2024-12-25,2025-03-10,Joined,Yes,EMP0098
REQ0098,CAND00692,Customer Success,L2,Naukri,2024-12-14,,Interviewed,No,
REQ0098,CAND00693,Customer Success,L2,LinkedIn,2025-01-04,,Applied,No,
REQ0098,CAND00694,Customer Success,L2,Campus,2025-01-01,,Interviewed,No,
REQ0098,CAND00695,Customer Success,L2,Naukri,2025-01-08,,Applied,No,
REQ0098,CAND00696,Customer Success,L2,Naukri,2025-01-09,,Applied,No,
REQ0098,CAND00697,Customer Success,L2,Careers Site,2024-12-29,,Applied,No,
REQ0098,CAND00698,Customer Success,L2,Campus,2025-01-09,,Interviewed,No,
REQ0099,CAND00699,Human Resources,L2,LinkedIn,2020-10-15,2020-12-16,Joined,Yes,EMP0099
REQ0099,CAND00700,Human Resources,L2,Careers Site,2020-10-20,,Screened,No,
REQ0099,CAND00701,Human Resources,L2,Naukri,2020-10-28,,Applied,No,
REQ0099,CAND00702,Human Resources,L2,Campus,2020-10-25,,Applied,No,
REQ0099,CAND00703,Human Resources,L2,Recruitment Agency,2020-11-02,,Interviewed,No,
REQ0100,CAND00704,Engineering,L1,Recruitment Agency,2019-12-27,2020-02-02,Joined,Yes,EMP0100
REQ0100,CAND00705,Engineering,L1,Employee Referral,2019-12-20,,Interviewed,No,
REQ0100,CAND00706,Engineering,L1,Careers Site,2019-12-24,,Screened,No,
REQ0100,CAND00707,Engineering,L1,Naukri,2020-01-06,,Screened,No,
REQ0100,CAND00708,Engineering,L1,LinkedIn,2019-12-15,,Applied,No,
REQ0100,CAND00709,Engineering,L1,Campus,2019-12-29,,Interviewed,No,
REQ0100,CAND00710,Engineering,L1,Naukri,2020-01-02,,Applied,No,
REQ0100,CAND00711,Engineering,L1,Employee Referral,2019-12-25,2020-01-17,Offered,No,
REQ0100,CAND00712,Engineering,L1,Employee Referral,2019-12-24,2020-02-05,Offered,No,
REQ0100,CAND00713,Engineering,L1,Campus,2020-01-09,,Applied,No,
REQ0101,CAND00714,Engineering,L3,Careers Site,2025-10-24,2025-11-22,Joined,Yes,EMP0101
REQ0101,CAND00715,Engineering,L3,Employee Referral,2025-11-01,,Interviewed,No,
REQ0101,CAND00716,Engineering,L3,LinkedIn,2025-11-12,,Screened,No,
REQ0101,CAND00717,Engineering,L3,Recruitment Agency,2025-11-12,,Applied,No,
REQ0101,CAND00718,Engineering,L3,Campus,2025-10-30,,Screened,No,
REQ0101,CAND00719,Engineering,L3,Employee Referral,2025-10-15,,Screened,No,
REQ0101,CAND00720,Engineering,L3,Naukri,2025-11-09,,Screened,No,
REQ0101,CAND00721,Engineering,L3,LinkedIn,2025-11-12,,Applied,No,
REQ0101,CAND00722,Engineering,L3,LinkedIn,2025-11-01,,Applied,No,
REQ0102,CAND00723,Finance,L1,Naukri,2024-07-05,2024-08-30,Joined,Yes,EMP0102
REQ0102,CAND00724,Finance,L1,LinkedIn,2024-07-03,2024-08-17,Offered,No,
REQ0102,CAND00725,Finance,L1,LinkedIn,2024-06-25,,Screened,No,
REQ0102,CAND00726,Finance,L1,Careers Site,2024-07-03,,Screened,No,
REQ0103,CAND00727,Engineering,L3,Employee Referral,2026-02-23,2026-05-14,Joined,Yes,EMP0103
REQ0103,CAND00728,Engineering,L3,Careers Site,2026-03-10,2026-04-20,Offered,No,
REQ0103,CAND00729,Engineering,L3,Naukri,2026-03-12,,Screened,No,
REQ0103,CAND00730,Engineering,L3,LinkedIn,2026-02-13,2026-03-30,Offered,No,
REQ0103,CAND00731,Engineering,L3,Recruitment Agency,2026-03-02,,Applied,No,
REQ0103,CAND00732,Engineering,L3,Naukri,2026-02-21,,Interviewed,No,
REQ0104,CAND00733,Sales,L4,LinkedIn,2020-12-29,2021-01-15,Joined,Yes,EMP0104
REQ0104,CAND00734,Sales,L4,Careers Site,2021-01-05,2021-02-19,Offered,No,
REQ0104,CAND00735,Sales,L4,Recruitment Agency,2021-01-09,,Screened,No,
REQ0104,CAND00736,Sales,L4,Careers Site,2021-01-11,,Screened,No,
REQ0104,CAND00737,Sales,L4,LinkedIn,2020-12-29,,Screened,No,
REQ0104,CAND00738,Sales,L4,Recruitment Agency,2021-01-15,,Screened,No,
REQ0105,CAND00739,Sales,L2,LinkedIn,2023-08-22,2023-09-16,Joined,Yes,EMP0105
REQ0105,CAND00740,Sales,L2,LinkedIn,2023-09-03,,Applied,No,
REQ0105,CAND00741,Sales,L2,LinkedIn,2023-08-24,,Screened,No,
REQ0105,CAND00742,Sales,L2,Naukri,2023-08-16,,Screened,No,
REQ0105,CAND00743,Sales,L2,LinkedIn,2023-08-28,2023-10-02,Offered,No,
REQ0106,CAND00744,Sales,L2,Naukri,2022-03-16,2022-05-25,Joined,Yes,EMP0106
REQ0106,CAND00745,Sales,L2,Employee Referral,2022-03-10,,Screened,No,
REQ0106,CAND00746,Sales,L2,LinkedIn,2022-03-11,,Screened,No,
REQ0106,CAND00747,Sales,L2,Employee Referral,2022-04-03,,Screened,No,
REQ0106,CAND00748,Sales,L2,Careers Site,2022-03-30,,Applied,No,
REQ0106,CAND00749,Sales,L2,LinkedIn,2022-03-21,,Interviewed,No,
REQ0106,CAND00750,Sales,L2,Careers Site,2022-03-11,,Applied,No,
REQ0107,CAND00751,Sales,L2,Campus,2023-03-06,2023-04-27,Joined,Yes,EMP0107
REQ0107,CAND00752,Sales,L2,LinkedIn,2023-03-06,,Screened,No,
REQ0107,CAND00753,Sales,L2,LinkedIn,2023-03-25,,Screened,No,
REQ0107,CAND00754,Sales,L2,Careers Site,2023-03-24,,Applied,No,
REQ0107,CAND00755,Sales,L2,Naukri,2023-03-21,,Applied,No,
REQ0108,CAND00756,Engineering,L4,LinkedIn,2025-07-15,2025-09-08,Joined,Yes,EMP0108
REQ0108,CAND00757,Engineering,L4,LinkedIn,2025-07-25,,Applied,No,
REQ0108,CAND00758,Engineering,L4,Employee Referral,2025-07-30,,Screened,No,
REQ0108,CAND00759,Engineering,L4,Naukri,2025-07-06,,Screened,No,
REQ0108,CAND00760,Engineering,L4,Naukri,2025-07-25,,Interviewed,No,
REQ0108,CAND00761,Engineering,L4,Careers Site,2025-07-03,,Applied,No,
REQ0108,CAND00762,Engineering,L4,Recruitment Agency,2025-08-03,,Screened,No,
REQ0108,CAND00763,Engineering,L4,LinkedIn,2025-07-10,2025-08-15,Offered,No,
REQ0108,CAND00764,Engineering,L4,Recruitment Agency,2025-08-04,,Applied,No,
REQ0109,CAND00765,Engineering,L2,Careers Site,2022-04-20,2022-05-04,Joined,Yes,EMP0109
REQ0109,CAND00766,Engineering,L2,LinkedIn,2022-04-30,,Applied,No,
REQ0109,CAND00767,Engineering,L2,Employee Referral,2022-04-14,,Interviewed,No,
REQ0109,CAND00768,Engineering,L2,Careers Site,2022-04-12,,Applied,No,
REQ0109,CAND00769,Engineering,L2,Campus,2022-05-10,,Applied,No,
REQ0110,CAND00770,Engineering,L1,Employee Referral,2019-01-15,2019-04-10,Joined,Yes,EMP0110
REQ0110,CAND00771,Engineering,L1,Employee Referral,2019-02-01,2019-03-05,Offered,No,
REQ0110,CAND00772,Engineering,L1,Recruitment Agency,2019-01-05,,Interviewed,No,
REQ0110,CAND00773,Engineering,L1,Recruitment Agency,2019-01-08,,Applied,No,
REQ0110,CAND00774,Engineering,L1,Employee Referral,2019-01-04,2019-01-25,Offered,No,
REQ0110,CAND00775,Engineering,L1,Employee Referral,2019-01-19,,Applied,No,
REQ0110,CAND00776,Engineering,L1,Employee Referral,2019-01-17,2019-03-03,Offered,No,
REQ0111,CAND00777,Customer Success,L1,Recruitment Agency,2025-04-01,2025-05-13,Joined,Yes,EMP0111
REQ0111,CAND00778,Customer Success,L1,LinkedIn,2025-04-09,,Applied,No,
REQ0111,CAND00779,Customer Success,L1,Employee Referral,2025-04-22,2025-05-25,Offered,No,
REQ0111,CAND00780,Customer Success,L1,Naukri,2025-04-11,,Applied,No,
REQ0111,CAND00781,Customer Success,L1,LinkedIn,2025-04-18,2025-05-31,Offered,No,
REQ0112,CAND00782,Sales,L5,Naukri,2021-09-08,2021-10-25,Joined,Yes,EMP0112
REQ0112,CAND00783,Sales,L5,LinkedIn,2021-09-26,,Screened,No,
REQ0112,CAND00784,Sales,L5,LinkedIn,2021-09-20,,Screened,No,
REQ0112,CAND00785,Sales,L5,Recruitment Agency,2021-09-20,,Applied,No,
REQ0112,CAND00786,Sales,L5,Campus,2021-08-30,,Applied,No,
REQ0112,CAND00787,Sales,L5,Naukri,2021-09-26,,Screened,No,
REQ0112,CAND00788,Sales,L5,Careers Site,2021-09-09,,Applied,No,
REQ0112,CAND00789,Sales,L5,Recruitment Agency,2021-09-04,,Interviewed,No,
REQ0113,CAND00790,Sales,L1,Careers Site,2026-01-07,2026-02-03,Joined,Yes,EMP0113
REQ0113,CAND00791,Sales,L1,Campus,2026-01-23,,Interviewed,No,
REQ0113,CAND00792,Sales,L1,LinkedIn,2026-01-21,,Interviewed,No,
REQ0113,CAND00793,Sales,L1,Campus,2025-12-27,2026-01-18,Offered,No,
REQ0113,CAND00794,Sales,L1,Naukri,2026-01-04,,Applied,No,
REQ0113,CAND00795,Sales,L1,Recruitment Agency,2026-01-25,,Applied,No,
REQ0113,CAND00796,Sales,L1,Naukri,2026-01-04,,Screened,No,
REQ0113,CAND00797,Sales,L1,Employee Referral,2026-01-02,,Applied,No,
REQ0114,CAND00798,Human Resources,L6,Campus,2021-04-06,2021-05-15,Joined,Yes,EMP0114
REQ0114,CAND00799,Human Resources,L6,Employee Referral,2021-04-19,2021-05-21,Offered,No,
REQ0114,CAND00800,Human Resources,L6,LinkedIn,2021-04-19,,Applied,No,
REQ0114,CAND00801,Human Resources,L6,LinkedIn,2021-03-29,,Applied,No,
REQ0114,CAND00802,Human Resources,L6,LinkedIn,2021-04-02,,Screened,No,
REQ0114,CAND00803,Human Resources,L6,Recruitment Agency,2021-04-15,,Screened,No,
REQ0114,CAND00804,Human Resources,L6,Recruitment Agency,2021-04-10,,Applied,No,
REQ0114,CAND00805,Human Resources,L6,Employee Referral,2021-04-03,2021-05-16,Offered,No,
REQ0115,CAND00806,Marketing,L3,Employee Referral,2023-02-02,2023-03-12,Joined,Yes,EMP0115
REQ0115,CAND00807,Marketing,L3,Naukri,2023-01-22,,Applied,No,
REQ0115,CAND00808,Marketing,L3,LinkedIn,2023-02-17,,Applied,No,
REQ0115,CAND00809,Marketing,L3,Employee Referral,2023-02-09,2023-03-07,Offered,No,
REQ0115,CAND00810,Marketing,L3,Recruitment Agency,2023-01-31,,Applied,No,
REQ0115,CAND00811,Marketing,L3,LinkedIn,2023-01-29,,Screened,No,
REQ0115,CAND00812,Marketing,L3,LinkedIn,2023-01-31,,Interviewed,No,
REQ0115,CAND00813,Marketing,L3,Recruitment Agency,2023-02-23,,Applied,No,
REQ0115,CAND00814,Marketing,L3,Recruitment Agency,2023-02-14,,Screened,No,
REQ0115,CAND00815,Marketing,L3,Employee Referral,2023-01-20,2023-02-26,Offered,No,
REQ0116,CAND00816,Sales,L3,Employee Referral,2019-07-06,2019-09-07,Joined,Yes,EMP0116
REQ0116,CAND00817,Sales,L3,Careers Site,2019-06-22,,Applied,No,
REQ0116,CAND00818,Sales,L3,Careers Site,2019-07-19,,Applied,No,
REQ0116,CAND00819,Sales,L3,Naukri,2019-07-16,,Applied,No,
REQ0117,CAND00820,Engineering,L4,LinkedIn,2019-12-10,2020-01-18,Joined,Yes,EMP0117
REQ0117,CAND00821,Engineering,L4,Careers Site,2019-12-07,,Applied,No,
REQ0117,CAND00822,Engineering,L4,Employee Referral,2019-12-04,,Screened,No,
REQ0117,CAND00823,Engineering,L4,Employee Referral,2019-12-22,,Interviewed,No,
REQ0117,CAND00824,Engineering,L4,Naukri,2019-12-28,,Applied,No,
REQ0117,CAND00825,Engineering,L4,Employee Referral,2019-12-22,,Applied,No,
REQ0117,CAND00826,Engineering,L4,Employee Referral,2019-12-07,,Applied,No,
REQ0117,CAND00827,Engineering,L4,Careers Site,2019-12-12,,Applied,No,
REQ0117,CAND00828,Engineering,L4,LinkedIn,2019-11-27,,Applied,No,
REQ0117,CAND00829,Engineering,L4,LinkedIn,2019-12-15,,Applied,No,
REQ0118,CAND00830,Engineering,L3,Naukri,2022-03-03,2022-04-04,Joined,Yes,EMP0118
REQ0118,CAND00831,Engineering,L3,LinkedIn,2022-02-21,2022-04-03,Offered,No,
REQ0118,CAND00832,Engineering,L3,Careers Site,2022-03-02,,Screened,No,
REQ0118,CAND00833,Engineering,L3,LinkedIn,2022-02-17,,Interviewed,No,
REQ0118,CAND00834,Engineering,L3,Employee Referral,2022-03-23,,Screened,No,
REQ0118,CAND00835,Engineering,L3,LinkedIn,2022-02-22,2022-03-21,Offered,No,
REQ0118,CAND00836,Engineering,L3,LinkedIn,2022-03-09,,Screened,No,
REQ0118,CAND00837,Engineering,L3,Careers Site,2022-03-11,,Applied,No,
REQ0119,CAND00838,Sales,L1,Careers Site,2023-05-20,2023-06-24,Joined,Yes,EMP0119
REQ0119,CAND00839,Sales,L1,Employee Referral,2023-05-25,2023-07-05,Offered,No,
REQ0119,CAND00840,Sales,L1,Naukri,2023-06-05,,Applied,No,
REQ0119,CAND00841,Sales,L1,Naukri,2023-05-17,,Interviewed,No,
REQ0120,CAND00842,Customer Success,L1,Naukri,2021-04-30,2021-06-22,Joined,Yes,EMP0120
REQ0120,CAND00843,Customer Success,L1,Naukri,2021-04-20,,Applied,No,
REQ0120,CAND00844,Customer Success,L1,Naukri,2021-05-16,,Applied,No,
REQ0120,CAND00845,Customer Success,L1,Campus,2021-04-24,,Screened,No,
REQ0120,CAND00846,Customer Success,L1,LinkedIn,2021-05-06,2021-05-30,Offered,No,
REQ0120,CAND00847,Customer Success,L1,Campus,2021-04-25,,Applied,No,
REQ0120,CAND00848,Customer Success,L1,Recruitment Agency,2021-05-19,,Screened,No,
REQ0121,CAND00849,Engineering,L2,Employee Referral,2022-04-07,2022-06-29,Joined,Yes,EMP0121
REQ0121,CAND00850,Engineering,L2,Naukri,2022-04-28,,Applied,No,
REQ0121,CAND00851,Engineering,L2,LinkedIn,2022-03-25,2022-04-27,Offered,No,
REQ0121,CAND00852,Engineering,L2,Campus,2022-03-31,,Applied,No,
REQ0121,CAND00853,Engineering,L2,Recruitment Agency,2022-03-26,,Interviewed,No,
REQ0121,CAND00854,Engineering,L2,Campus,2022-03-25,,Interviewed,No,
REQ0121,CAND00855,Engineering,L2,Campus,2022-03-26,,Applied,No,
REQ0121,CAND00856,Engineering,L2,LinkedIn,2022-04-13,,Applied,No,
REQ0121,CAND00857,Engineering,L2,Employee Referral,2022-04-12,,Screened,No,
REQ0122,CAND00858,Finance,L3,LinkedIn,2022-10-31,2023-01-16,Joined,Yes,EMP0122
REQ0122,CAND00859,Finance,L3,Recruitment Agency,2022-11-16,,Screened,No,
REQ0122,CAND00860,Finance,L3,Campus,2022-11-07,,Applied,No,
REQ0122,CAND00861,Finance,L3,Naukri,2022-11-03,,Applied,No,
REQ0122,CAND00862,Finance,L3,Employee Referral,2022-10-31,,Interviewed,No,
REQ0122,CAND00863,Finance,L3,Campus,2022-11-20,,Applied,No,
REQ0122,CAND00864,Finance,L3,Campus,2022-10-31,,Interviewed,No,
REQ0123,CAND00865,Product,L2,Employee Referral,2021-07-13,2021-09-22,Joined,Yes,EMP0123
REQ0123,CAND00866,Product,L2,Recruitment Agency,2021-07-08,,Applied,No,
REQ0123,CAND00867,Product,L2,LinkedIn,2021-06-29,,Applied,No,
REQ0123,CAND00868,Product,L2,Recruitment Agency,2021-07-13,,Applied,No,
REQ0123,CAND00869,Product,L2,LinkedIn,2021-07-19,,Interviewed,No,
REQ0124,CAND00870,Customer Success,L3,Campus,2024-11-09,2024-12-03,Joined,Yes,EMP0124
REQ0124,CAND00871,Customer Success,L3,Employee Referral,2024-11-30,2025-01-01,Offered,No,
REQ0124,CAND00872,Customer Success,L3,LinkedIn,2024-11-03,,Applied,No,
REQ0124,CAND00873,Customer Success,L3,Campus,2024-11-30,,Applied,No,
REQ0125,CAND00874,Engineering,L1,LinkedIn,2026-03-09,2026-05-01,Joined,Yes,EMP0125
REQ0125,CAND00875,Engineering,L1,Recruitment Agency,2026-03-23,,Applied,No,
REQ0125,CAND00876,Engineering,L1,Naukri,2026-02-24,,Applied,No,
REQ0125,CAND00877,Engineering,L1,LinkedIn,2026-02-28,2026-04-06,Offered,No,
REQ0125,CAND00878,Engineering,L1,LinkedIn,2026-02-26,,Applied,No,
REQ0125,CAND00879,Engineering,L1,LinkedIn,2026-03-14,,Applied,No,
REQ0125,CAND00880,Engineering,L1,Campus,2026-03-05,,Applied,No,
REQ0125,CAND00881,Engineering,L1,LinkedIn,2026-03-02,,Applied,No,
REQ0125,CAND00882,Engineering,L1,Recruitment Agency,2026-03-16,,Screened,No,
REQ0126,CAND00883,Sales,L3,LinkedIn,2020-12-09,2021-02-20,Joined,Yes,EMP0126
REQ0126,CAND00884,Sales,L3,Campus,2020-11-27,,Interviewed,No,
REQ0126,CAND00885,Sales,L3,Recruitment Agency,2020-12-13,,Applied,No,
REQ0126,CAND00886,Sales,L3,Recruitment Agency,2020-12-08,,Applied,No,
REQ0126,CAND00887,Sales,L3,Employee Referral,2020-12-28,2021-01-20,Offered,No,
REQ0127,CAND00888,Customer Success,L6,Careers Site,2022-12-30,2023-03-14,Joined,Yes,EMP0127
REQ0127,CAND00889,Customer Success,L6,Recruitment Agency,2023-01-18,,Applied,No,
REQ0127,CAND00890,Customer Success,L6,LinkedIn,2022-12-29,,Applied,No,
REQ0127,CAND00891,Customer Success,L6,Campus,2022-12-30,,Applied,No,
REQ0128,CAND00892,Customer Success,L1,Campus,2020-11-16,2020-12-25,Joined,Yes,EMP0128
REQ0128,CAND00893,Customer Success,L1,Careers Site,2020-12-05,,Interviewed,No,
REQ0128,CAND00894,Customer Success,L1,LinkedIn,2020-12-07,,Interviewed,No,
REQ0128,CAND00895,Customer Success,L1,Naukri,2020-12-04,,Screened,No,
REQ0128,CAND00896,Customer Success,L1,Employee Referral,2020-11-15,,Screened,No,
REQ0128,CAND00897,Customer Success,L1,Campus,2020-11-23,,Interviewed,No,
REQ0128,CAND00898,Customer Success,L1,LinkedIn,2020-11-06,,Screened,No,
REQ0128,CAND00899,Customer Success,L1,Employee Referral,2020-12-07,2021-01-19,Offered,No,
REQ0129,CAND00900,Sales,L1,Employee Referral,2019-11-21,2019-12-11,Joined,Yes,EMP0129
REQ0129,CAND00901,Sales,L1,Careers Site,2019-11-14,,Applied,No,
REQ0129,CAND00902,Sales,L1,Recruitment Agency,2019-11-24,,Applied,No,
REQ0129,CAND00903,Sales,L1,Naukri,2019-12-08,,Applied,No,
REQ0129,CAND00904,Sales,L1,Employee Referral,2019-11-22,,Screened,No,
REQ0129,CAND00905,Sales,L1,Recruitment Agency,2019-12-09,,Applied,No,
REQ0129,CAND00906,Sales,L1,Employee Referral,2019-11-23,,Interviewed,No,
REQ0129,CAND00907,Sales,L1,Employee Referral,2019-11-11,,Screened,No,
REQ0129,CAND00908,Sales,L1,LinkedIn,2019-12-01,,Applied,No,
REQ0129,CAND00909,Sales,L1,Naukri,2019-12-07,,Applied,No,
REQ0130,CAND00910,Finance,L5,LinkedIn,2021-02-02,2021-03-15,Joined,Yes,EMP0130
REQ0130,CAND00911,Finance,L5,LinkedIn,2021-02-15,,Applied,No,
REQ0130,CAND00912,Finance,L5,Employee Referral,2021-02-06,,Applied,No,
REQ0130,CAND00913,Finance,L5,Naukri,2021-02-18,,Applied,No,
REQ0130,CAND00914,Finance,L5,Recruitment Agency,2021-01-28,,Applied,No,
REQ0130,CAND00915,Finance,L5,LinkedIn,2021-02-09,,Applied,No,
REQ0130,CAND00916,Finance,L5,Employee Referral,2021-02-23,,Interviewed,No,
REQ0131,CAND00917,Operations,L2,Campus,2025-01-09,2025-01-18,Joined,Yes,EMP0131
REQ0131,CAND00918,Operations,L2,LinkedIn,2025-01-06,,Screened,No,
REQ0131,CAND00919,Operations,L2,Recruitment Agency,2025-01-21,,Applied,No,
REQ0131,CAND00920,Operations,L2,Campus,2025-01-29,,Interviewed,No,
REQ0131,CAND00921,Operations,L2,Recruitment Agency,2024-12-27,,Applied,No,
REQ0131,CAND00922,Operations,L2,Employee Referral,2025-01-15,2025-02-04,Offered,No,
REQ0131,CAND00923,Operations,L2,Naukri,2025-01-12,,Applied,No,
REQ0131,CAND00924,Operations,L2,LinkedIn,2024-12-31,2025-01-20,Offered,No,
REQ0131,CAND00925,Operations,L2,Employee Referral,2025-01-26,,Interviewed,No,
REQ0132,CAND00926,Engineering,L4,Employee Referral,2020-10-06,2021-01-01,Joined,Yes,EMP0132
REQ0132,CAND00927,Engineering,L4,LinkedIn,2020-10-21,,Interviewed,No,
REQ0132,CAND00928,Engineering,L4,Campus,2020-10-01,,Screened,No,
REQ0132,CAND00929,Engineering,L4,Recruitment Agency,2020-10-20,,Applied,No,
REQ0132,CAND00930,Engineering,L4,Naukri,2020-10-02,,Screened,No,
REQ0132,CAND00931,Engineering,L4,Employee Referral,2020-10-06,,Screened,No,
REQ0132,CAND00932,Engineering,L4,Campus,2020-09-28,,Applied,No,
REQ0132,CAND00933,Engineering,L4,Campus,2020-09-22,,Applied,No,
REQ0132,CAND00934,Engineering,L4,LinkedIn,2020-10-17,,Interviewed,No,
REQ0132,CAND00935,Engineering,L4,Employee Referral,2020-09-22,,Interviewed,No,
REQ0133,CAND00936,Engineering,L4,LinkedIn,2022-11-20,2023-02-23,Joined,Yes,EMP0133
REQ0133,CAND00937,Engineering,L4,Campus,2022-12-09,,Applied,No,
REQ0133,CAND00938,Engineering,L4,Recruitment Agency,2022-12-06,,Applied,No,
REQ0133,CAND00939,Engineering,L4,LinkedIn,2022-11-28,2022-12-23,Offered,No,
REQ0133,CAND00940,Engineering,L4,Recruitment Agency,2022-11-14,,Applied,No,
REQ0134,CAND00941,Engineering,L2,Recruitment Agency,2022-07-27,2022-08-14,Joined,Yes,EMP0134
REQ0134,CAND00942,Engineering,L2,LinkedIn,2022-08-17,,Applied,No,
REQ0134,CAND00943,Engineering,L2,LinkedIn,2022-07-18,,Screened,No,
REQ0134,CAND00944,Engineering,L2,LinkedIn,2022-08-07,,Applied,No,
REQ0134,CAND00945,Engineering,L2,LinkedIn,2022-07-16,,Interviewed,No,
REQ0134,CAND00946,Engineering,L2,Recruitment Agency,2022-07-29,,Applied,No,
REQ0134,CAND00947,Engineering,L2,Campus,2022-07-29,,Interviewed,No,
REQ0135,CAND00948,Engineering,L4,LinkedIn,2023-06-01,2023-07-03,Joined,Yes,EMP0135
REQ0135,CAND00949,Engineering,L4,Careers Site,2023-05-22,,Screened,No,
REQ0135,CAND00950,Engineering,L4,Careers Site,2023-05-24,,Applied,No,
REQ0135,CAND00951,Engineering,L4,Naukri,2023-06-01,,Applied,No,
REQ0135,CAND00952,Engineering,L4,Employee Referral,2023-05-23,2023-07-06,Offered,No,
REQ0135,CAND00953,Engineering,L4,LinkedIn,2023-06-06,,Applied,No,
REQ0136,CAND00954,Product,L1,Campus,2025-10-02,2025-11-25,Joined,Yes,EMP0136
REQ0136,CAND00955,Product,L1,Naukri,2025-10-02,,Screened,No,
REQ0136,CAND00956,Product,L1,LinkedIn,2025-10-18,,Applied,No,
REQ0136,CAND00957,Product,L1,Naukri,2025-10-11,,Interviewed,No,
REQ0136,CAND00958,Product,L1,Campus,2025-09-23,,Screened,No,
REQ0137,CAND00959,Engineering,L2,Naukri,2021-09-02,2021-12-03,Joined,Yes,EMP0137
REQ0137,CAND00960,Engineering,L2,LinkedIn,2021-08-28,,Screened,No,
REQ0137,CAND00961,Engineering,L2,LinkedIn,2021-08-30,,Interviewed,No,
REQ0137,CAND00962,Engineering,L2,Campus,2021-08-31,,Applied,No,
REQ0137,CAND00963,Engineering,L2,LinkedIn,2021-08-19,,Applied,No,
REQ0137,CAND00964,Engineering,L2,LinkedIn,2021-08-25,,Interviewed,No,
REQ0137,CAND00965,Engineering,L2,Campus,2021-09-06,,Screened,No,
REQ0137,CAND00966,Engineering,L2,Employee Referral,2021-08-20,2021-10-02,Offered,No,
REQ0137,CAND00967,Engineering,L2,Naukri,2021-09-02,,Applied,No,
REQ0137,CAND00968,Engineering,L2,Campus,2021-09-16,,Applied,No,
REQ0138,CAND00969,Human Resources,L2,Employee Referral,2024-06-27,2024-09-14,Joined,Yes,EMP0138
REQ0138,CAND00970,Human Resources,L2,Naukri,2024-07-13,,Applied,No,
REQ0138,CAND00971,Human Resources,L2,Employee Referral,2024-06-28,,Applied,No,
REQ0138,CAND00972,Human Resources,L2,Careers Site,2024-07-13,,Screened,No,
REQ0138,CAND00973,Human Resources,L2,Employee Referral,2024-06-29,,Interviewed,No,
REQ0139,CAND00974,Sales,L4,Naukri,2023-12-03,2024-03-06,Joined,Yes,EMP0139
REQ0139,CAND00975,Sales,L4,Campus,2023-12-07,,Applied,No,
REQ0139,CAND00976,Sales,L4,Recruitment Agency,2023-12-13,,Screened,No,
REQ0139,CAND00977,Sales,L4,LinkedIn,2023-12-13,,Screened,No,
REQ0139,CAND00978,Sales,L4,Employee Referral,2023-12-07,2024-01-03,Offered,No,
REQ0139,CAND00979,Sales,L4,Recruitment Agency,2023-12-02,,Interviewed,No,
REQ0139,CAND00980,Sales,L4,Careers Site,2023-11-22,,Screened,No,
REQ0139,CAND00981,Sales,L4,LinkedIn,2023-12-18,,Applied,No,
REQ0139,CAND00982,Sales,L4,LinkedIn,2023-11-28,,Screened,No,
REQ0139,CAND00983,Sales,L4,Naukri,2023-11-26,,Applied,No,
REQ0140,CAND00984,Finance,L1,Recruitment Agency,2024-12-05,2025-02-06,Joined,Yes,EMP0140
REQ0140,CAND00985,Finance,L1,Naukri,2024-11-30,,Applied,No,
REQ0140,CAND00986,Finance,L1,Employee Referral,2024-12-05,2025-01-14,Offered,No,
REQ0140,CAND00987,Finance,L1,LinkedIn,2024-12-23,,Applied,No,
REQ0140,CAND00988,Finance,L1,Careers Site,2024-12-07,2024-12-30,Offered,No,
REQ0140,CAND00989,Finance,L1,Careers Site,2024-12-11,,Applied,No,
REQ0141,CAND00990,Operations,L4,Employee Referral,2021-04-09,2021-05-22,Joined,Yes,EMP0141
REQ0141,CAND00991,Operations,L4,LinkedIn,2021-04-06,,Screened,No,
REQ0141,CAND00992,Operations,L4,Naukri,2021-04-03,,Applied,No,
REQ0141,CAND00993,Operations,L4,Careers Site,2021-04-15,,Interviewed,No,
REQ0141,CAND00994,Operations,L4,Recruitment Agency,2021-04-09,,Applied,No,
REQ0141,CAND00995,Operations,L4,Careers Site,2021-04-30,,Applied,No,
REQ0141,CAND00996,Operations,L4,Employee Referral,2021-03-30,2021-04-20,Offered,No,
REQ0142,CAND00997,Customer Success,L4,Campus,2020-09-30,2020-12-29,Joined,Yes,EMP0142
REQ0142,CAND00998,Customer Success,L4,Recruitment Agency,2020-10-02,,Applied,No,
REQ0142,CAND00999,Customer Success,L4,Careers Site,2020-10-18,,Screened,No,
REQ0142,CAND01000,Customer Success,L4,Campus,2020-10-04,,Screened,No,
REQ0142,CAND01001,Customer Success,L4,Naukri,2020-09-25,,Interviewed,No,
REQ0142,CAND01002,Customer Success,L4,Recruitment Agency,2020-10-01,,Applied,No,
REQ0142,CAND01003,Customer Success,L4,LinkedIn,2020-09-29,,Interviewed,No,
REQ0143,CAND01004,Marketing,L5,Employee Referral,2021-02-15,2021-05-04,Joined,Yes,EMP0143
REQ0143,CAND01005,Marketing,L5,Recruitment Agency,2021-02-05,,Screened,No,
REQ0143,CAND01006,Marketing,L5,LinkedIn,2021-02-19,,Applied,No,
REQ0143,CAND01007,Marketing,L5,Employee Referral,2021-02-02,,Screened,No,
REQ0143,CAND01008,Marketing,L5,Campus,2021-02-16,,Screened,No,
REQ0143,CAND01009,Marketing,L5,LinkedIn,2021-02-06,,Screened,No,
REQ0143,CAND01010,Marketing,L5,Naukri,2021-02-01,,Screened,No,
REQ0144,CAND01011,Customer Success,L2,Naukri,2019-01-26,2019-03-30,Joined,Yes,EMP0144
REQ0144,CAND01012,Customer Success,L2,Campus,2019-02-07,,Screened,No,
REQ0144,CAND01013,Customer Success,L2,Employee Referral,2019-01-20,2019-03-03,Offered,No,
REQ0144,CAND01014,Customer Success,L2,LinkedIn,2019-01-21,,Applied,No,
REQ0144,CAND01015,Customer Success,L2,Recruitment Agency,2019-02-10,,Screened,No,
REQ0144,CAND01016,Customer Success,L2,Naukri,2019-02-13,,Interviewed,No,
REQ0145,CAND01017,Operations,L3,LinkedIn,2020-01-05,2020-01-24,Joined,Yes,EMP0145
REQ0145,CAND01018,Operations,L3,Campus,2019-12-25,,Interviewed,No,
REQ0145,CAND01019,Operations,L3,LinkedIn,2020-01-10,,Applied,No,
REQ0145,CAND01020,Operations,L3,Employee Referral,2020-01-20,2020-02-24,Offered,No,
REQ0145,CAND01021,Operations,L3,Recruitment Agency,2020-01-18,,Applied,No,
REQ0145,CAND01022,Operations,L3,Recruitment Agency,2020-01-25,,Applied,No,
REQ0145,CAND01023,Operations,L3,Careers Site,2020-01-12,,Applied,No,
REQ0146,CAND01024,Sales,L6,Naukri,2025-03-06,2025-05-02,Joined,Yes,EMP0146
REQ0146,CAND01025,Sales,L6,LinkedIn,2025-03-05,,Applied,No,
REQ0146,CAND01026,Sales,L6,Naukri,2025-03-06,,Interviewed,No,
REQ0146,CAND01027,Sales,L6,Naukri,2025-03-09,,Screened,No,
REQ0146,CAND01028,Sales,L6,Naukri,2025-03-09,,Applied,No,
REQ0146,CAND01029,Sales,L6,LinkedIn,2025-03-05,,Applied,No,
REQ0146,CAND01030,Sales,L6,Naukri,2025-03-14,,Screened,No,
REQ0146,CAND01031,Sales,L6,Employee Referral,2025-03-02,2025-04-09,Offered,No,
REQ0146,CAND01032,Sales,L6,Employee Referral,2025-03-26,,Screened,No,
REQ0147,CAND01033,Engineering,L2,Employee Referral,2020-06-27,2020-07-19,Joined,Yes,EMP0147
REQ0147,CAND01034,Engineering,L2,Naukri,2020-07-07,,Applied,No,
REQ0147,CAND01035,Engineering,L2,Recruitment Agency,2020-06-14,,Applied,No,
REQ0147,CAND01036,Engineering,L2,Naukri,2020-06-30,,Applied,No,
REQ0147,CAND01037,Engineering,L2,Employee Referral,2020-07-09,2020-08-06,Offered,No,
REQ0147,CAND01038,Engineering,L2,Employee Referral,2020-07-18,2020-08-07,Offered,No,
REQ0147,CAND01039,Engineering,L2,Careers Site,2020-07-01,,Screened,No,
REQ0147,CAND01040,Engineering,L2,Recruitment Agency,2020-07-12,,Applied,No,
REQ0147,CAND01041,Engineering,L2,Recruitment Agency,2020-07-11,,Interviewed,No,
REQ0147,CAND01042,Engineering,L2,Naukri,2020-07-18,,Applied,No,
REQ0148,CAND01043,Engineering,L3,Employee Referral,2019-01-29,2019-01-31,Joined,Yes,EMP0148
REQ0148,CAND01044,Engineering,L3,Naukri,2019-02-04,,Applied,No,
REQ0148,CAND01045,Engineering,L3,Recruitment Agency,2019-01-15,,Screened,No,
REQ0148,CAND01046,Engineering,L3,Employee Referral,2019-01-24,2019-02-13,Offered,No,
REQ0148,CAND01047,Engineering,L3,Employee Referral,2019-01-31,,Screened,No,
REQ0148,CAND01048,Engineering,L3,Recruitment Agency,2019-02-03,,Applied,No,
REQ0148,CAND01049,Engineering,L3,Naukri,2019-01-21,,Interviewed,No,
REQ0148,CAND01050,Engineering,L3,Employee Referral,2019-01-26,2019-03-09,Offered,No,
REQ0148,CAND01051,Engineering,L3,LinkedIn,2019-02-02,,Screened,No,
REQ0148,CAND01052,Engineering,L3,LinkedIn,2019-02-05,,Applied,No,
REQ0149,CAND01053,Engineering,L4,LinkedIn,2026-01-11,2026-02-10,Joined,Yes,EMP0149
REQ0149,CAND01054,Engineering,L4,LinkedIn,2026-01-29,,Interviewed,No,
REQ0149,CAND01055,Engineering,L4,Recruitment Agency,2026-01-10,,Applied,No,
REQ0149,CAND01056,Engineering,L4,Careers Site,2026-01-31,,Screened,No,
REQ0149,CAND01057,Engineering,L4,Campus,2026-01-11,,Screened,No,
REQ0150,CAND01058,Finance,L3,LinkedIn,2022-08-02,2022-10-27,Joined,Yes,EMP0150
REQ0150,CAND01059,Finance,L3,Campus,2022-08-09,,Applied,No,
REQ0150,CAND01060,Finance,L3,Employee Referral,2022-08-08,,Screened,No,
REQ0150,CAND01061,Finance,L3,LinkedIn,2022-08-14,,Applied,No,
REQ0151,CAND01062,Customer Success,L2,LinkedIn,2021-11-11,2021-12-02,Joined,Yes,EMP0151
REQ0151,CAND01063,Customer Success,L2,LinkedIn,2021-11-27,,Applied,No,
REQ0151,CAND01064,Customer Success,L2,Naukri,2021-11-02,,Screened,No,
REQ0151,CAND01065,Customer Success,L2,LinkedIn,2021-11-03,,Applied,No,
REQ0151,CAND01066,Customer Success,L2,LinkedIn,2021-11-20,,Screened,No,
REQ0151,CAND01067,Customer Success,L2,Campus,2021-10-30,,Screened,No,
REQ0151,CAND01068,Customer Success,L2,LinkedIn,2021-11-15,,Screened,No,
REQ0152,CAND01069,Engineering,L4,LinkedIn,2023-07-12,2023-08-24,Joined,Yes,EMP0152
REQ0152,CAND01070,Engineering,L4,Careers Site,2023-07-04,,Applied,No,
REQ0152,CAND01071,Engineering,L4,Careers Site,2023-07-11,,Screened,No,
REQ0152,CAND01072,Engineering,L4,Careers Site,2023-06-29,,Applied,No,
REQ0152,CAND01073,Engineering,L4,Naukri,2023-06-29,,Applied,No,
REQ0152,CAND01074,Engineering,L4,Careers Site,2023-07-10,,Applied,No,
REQ0153,CAND01075,Finance,L4,Naukri,2022-06-18,2022-08-23,Joined,Yes,EMP0153
REQ0153,CAND01076,Finance,L4,LinkedIn,2022-07-01,,Applied,No,
REQ0153,CAND01077,Finance,L4,Campus,2022-06-13,,Interviewed,No,
REQ0153,CAND01078,Finance,L4,Recruitment Agency,2022-06-12,,Applied,No,
REQ0153,CAND01079,Finance,L4,LinkedIn,2022-07-06,,Applied,No,
REQ0153,CAND01080,Finance,L4,Careers Site,2022-06-08,,Applied,No,
REQ0153,CAND01081,Finance,L4,LinkedIn,2022-06-23,,Applied,No,
REQ0153,CAND01082,Finance,L4,LinkedIn,2022-06-04,,Interviewed,No,
REQ0153,CAND01083,Finance,L4,Naukri,2022-07-09,,Applied,No,
REQ0154,CAND01084,Sales,L3,Naukri,2022-06-25,2022-07-18,Joined,Yes,EMP0154
REQ0154,CAND01085,Sales,L3,Employee Referral,2022-07-14,2022-08-08,Offered,No,
REQ0154,CAND01086,Sales,L3,Naukri,2022-06-28,,Screened,No,
REQ0154,CAND01087,Sales,L3,LinkedIn,2022-06-30,,Applied,No,
REQ0154,CAND01088,Sales,L3,Naukri,2022-06-21,,Applied,No,
REQ0154,CAND01089,Sales,L3,Recruitment Agency,2022-06-21,,Screened,No,
REQ0154,CAND01090,Sales,L3,Campus,2022-06-24,,Interviewed,No,
REQ0154,CAND01091,Sales,L3,Recruitment Agency,2022-07-15,,Applied,No,
REQ0154,CAND01092,Sales,L3,LinkedIn,2022-06-17,,Applied,No,
REQ0155,CAND01093,Engineering,L4,Naukri,2024-04-29,2024-07-21,Joined,Yes,EMP0155
REQ0155,CAND01094,Engineering,L4,Careers Site,2024-05-12,,Applied,No,
REQ0155,CAND01095,Engineering,L4,Employee Referral,2024-04-24,2024-05-15,Offered,No,
REQ0155,CAND01096,Engineering,L4,Careers Site,2024-05-05,,Screened,No,
REQ0155,CAND01097,Engineering,L4,Recruitment Agency,2024-05-01,,Applied,No,
REQ0155,CAND01098,Engineering,L4,Naukri,2024-04-21,,Applied,No,
REQ0155,CAND01099,Engineering,L4,LinkedIn,2024-05-14,,Interviewed,No,
REQ0155,CAND01100,Engineering,L4,Naukri,2024-04-23,,Screened,No,
REQ0155,CAND01101,Engineering,L4,Employee Referral,2024-04-17,2024-05-20,Offered,No,
REQ0155,CAND01102,Engineering,L4,Employee Referral,2024-05-20,,Screened,No,
REQ0156,CAND01103,Marketing,L3,Recruitment Agency,2024-01-09,2024-04-14,Joined,Yes,EMP0156
REQ0156,CAND01104,Marketing,L3,Campus,2024-01-19,,Applied,No,
REQ0156,CAND01105,Marketing,L3,LinkedIn,2024-01-06,,Applied,No,
REQ0156,CAND01106,Marketing,L3,Naukri,2023-12-26,,Applied,No,
REQ0156,CAND01107,Marketing,L3,LinkedIn,2024-01-30,,Applied,No,
REQ0156,CAND01108,Marketing,L3,Careers Site,2024-01-28,,Applied,No,
REQ0157,CAND01109,Engineering,L1,Recruitment Agency,2020-09-26,2020-11-04,Joined,Yes,EMP0157
REQ0157,CAND01110,Engineering,L1,LinkedIn,2020-09-26,,Applied,No,
REQ0157,CAND01111,Engineering,L1,Campus,2020-10-16,,Interviewed,No,
REQ0157,CAND01112,Engineering,L1,Campus,2020-09-21,,Applied,No,
REQ0157,CAND01113,Engineering,L1,LinkedIn,2020-10-15,,Screened,No,
REQ0157,CAND01114,Engineering,L1,Employee Referral,2020-09-18,,Screened,No,
REQ0157,CAND01115,Engineering,L1,LinkedIn,2020-10-10,,Applied,No,
REQ0158,CAND01116,Finance,L5,Employee Referral,2022-09-10,2022-10-30,Joined,Yes,EMP0158
REQ0158,CAND01117,Finance,L5,Employee Referral,2022-09-10,2022-10-02,Offered,No,
REQ0158,CAND01118,Finance,L5,LinkedIn,2022-09-02,2022-10-13,Offered,No,
REQ0158,CAND01119,Finance,L5,LinkedIn,2022-09-09,,Applied,No,
REQ0158,CAND01120,Finance,L5,Naukri,2022-09-28,,Applied,No,
REQ0158,CAND01121,Finance,L5,LinkedIn,2022-09-03,2022-10-03,Offered,No,
REQ0159,CAND01122,Engineering,L2,Careers Site,2023-07-09,2023-08-13,Joined,Yes,EMP0159
REQ0159,CAND01123,Engineering,L2,Employee Referral,2023-07-19,,Interviewed,No,
REQ0159,CAND01124,Engineering,L2,Recruitment Agency,2023-07-05,,Screened,No,
REQ0159,CAND01125,Engineering,L2,Employee Referral,2023-07-23,,Interviewed,No,
REQ0159,CAND01126,Engineering,L2,LinkedIn,2023-07-20,,Applied,No,
REQ0159,CAND01127,Engineering,L2,Campus,2023-07-12,,Screened,No,
REQ0159,CAND01128,Engineering,L2,Naukri,2023-06-26,,Interviewed,No,
REQ0159,CAND01129,Engineering,L2,Recruitment Agency,2023-07-13,,Applied,No,
REQ0159,CAND01130,Engineering,L2,Employee Referral,2023-07-13,2023-08-08,Offered,No,
REQ0160,CAND01131,Customer Success,L3,LinkedIn,2021-09-03,2021-11-09,Joined,Yes,EMP0160
REQ0160,CAND01132,Customer Success,L3,Campus,2021-09-16,,Screened,No,
REQ0160,CAND01133,Customer Success,L3,LinkedIn,2021-09-23,,Interviewed,No,
REQ0160,CAND01134,Customer Success,L3,Recruitment Agency,2021-08-25,,Interviewed,No,
REQ0160,CAND01135,Customer Success,L3,LinkedIn,2021-09-15,,Screened,No,
REQ0160,CAND01136,Customer Success,L3,Naukri,2021-09-06,,Applied,No,
REQ0160,CAND01137,Customer Success,L3,LinkedIn,2021-09-10,,Applied,No,
REQ0160,CAND01138,Customer Success,L3,LinkedIn,2021-09-10,,Interviewed,No,
REQ0161,CAND01139,Customer Success,L3,Careers Site,2019-05-23,2019-07-24,Joined,Yes,EMP0161
REQ0161,CAND01140,Customer Success,L3,LinkedIn,2019-06-08,2019-07-13,Offered,No,
REQ0161,CAND01141,Customer Success,L3,LinkedIn,2019-06-12,,Applied,No,
REQ0161,CAND01142,Customer Success,L3,Employee Referral,2019-06-13,,Screened,No,
REQ0161,CAND01143,Customer Success,L3,LinkedIn,2019-05-26,,Applied,No,
REQ0161,CAND01144,Customer Success,L3,Careers Site,2019-06-01,,Interviewed,No,
REQ0161,CAND01145,Customer Success,L3,Employee Referral,2019-06-04,,Applied,No,
REQ0161,CAND01146,Customer Success,L3,Naukri,2019-05-15,,Screened,No,
REQ0162,CAND01147,Operations,L2,Naukri,2020-06-04,2020-08-03,Joined,Yes,EMP0162
REQ0162,CAND01148,Operations,L2,Recruitment Agency,2020-06-24,,Interviewed,No,
REQ0162,CAND01149,Operations,L2,Employee Referral,2020-06-01,,Interviewed,No,
REQ0162,CAND01150,Operations,L2,Naukri,2020-06-22,,Applied,No,
REQ0162,CAND01151,Operations,L2,Campus,2020-06-08,,Applied,No,
REQ0162,CAND01152,Operations,L2,Employee Referral,2020-06-14,2020-07-15,Offered,No,
REQ0163,CAND01153,Engineering,L2,Naukri,2022-07-24,2022-10-03,Joined,Yes,EMP0163
REQ0163,CAND01154,Engineering,L2,Naukri,2022-07-16,,Applied,No,
REQ0163,CAND01155,Engineering,L2,Naukri,2022-08-04,,Applied,No,
REQ0163,CAND01156,Engineering,L2,Recruitment Agency,2022-08-12,,Applied,No,
REQ0163,CAND01157,Engineering,L2,LinkedIn,2022-07-31,,Applied,No,
REQ0163,CAND01158,Engineering,L2,Campus,2022-07-24,,Screened,No,
REQ0163,CAND01159,Engineering,L2,LinkedIn,2022-08-05,,Screened,No,
REQ0163,CAND01160,Engineering,L2,LinkedIn,2022-08-04,2022-09-12,Offered,No,
REQ0163,CAND01161,Engineering,L2,Campus,2022-07-28,,Applied,No,
REQ0163,CAND01162,Engineering,L2,Recruitment Agency,2022-07-29,,Applied,No,
REQ0164,CAND01163,Sales,L1,Employee Referral,2019-07-11,2019-07-24,Joined,Yes,EMP0164
REQ0164,CAND01164,Sales,L1,Naukri,2019-07-01,,Interviewed,No,
REQ0164,CAND01165,Sales,L1,LinkedIn,2019-06-30,,Applied,No,
REQ0164,CAND01166,Sales,L1,Employee Referral,2019-06-30,,Interviewed,No,
REQ0164,CAND01167,Sales,L1,Employee Referral,2019-07-12,,Screened,No,
REQ0164,CAND01168,Sales,L1,Careers Site,2019-07-09,,Applied,No,
REQ0165,CAND01169,Product,L4,Campus,2020-03-13,2020-05-14,Joined,Yes,EMP0165
REQ0165,CAND01170,Product,L4,Careers Site,2020-03-18,,Screened,No,
REQ0165,CAND01171,Product,L4,Campus,2020-03-15,,Applied,No,
REQ0165,CAND01172,Product,L4,Careers Site,2020-03-23,,Screened,No,
REQ0165,CAND01173,Product,L4,Naukri,2020-03-15,,Applied,No,
REQ0165,CAND01174,Product,L4,Employee Referral,2020-03-06,,Interviewed,No,
REQ0165,CAND01175,Product,L4,Employee Referral,2020-04-01,2020-04-25,Offered,No,
REQ0165,CAND01176,Product,L4,Employee Referral,2020-04-02,2020-05-07,Offered,No,
REQ0165,CAND01177,Product,L4,LinkedIn,2020-03-17,2020-04-27,Offered,No,
REQ0165,CAND01178,Product,L4,Careers Site,2020-02-28,,Interviewed,No,
REQ0166,CAND01179,Engineering,L1,Naukri,2021-12-15,2022-01-18,Joined,Yes,EMP0166
REQ0166,CAND01180,Engineering,L1,LinkedIn,2021-12-13,,Screened,No,
REQ0166,CAND01181,Engineering,L1,Employee Referral,2021-12-23,,Interviewed,No,
REQ0166,CAND01182,Engineering,L1,Employee Referral,2021-12-17,2022-01-20,Offered,No,
REQ0166,CAND01183,Engineering,L1,Employee Referral,2021-12-26,2022-01-19,Offered,No,
REQ0166,CAND01184,Engineering,L1,Employee Referral,2021-12-06,2022-01-10,Offered,No,
REQ0166,CAND01185,Engineering,L1,Naukri,2021-12-10,,Applied,No,
REQ0167,CAND01186,Finance,L1,Careers Site,2019-10-12,2019-11-21,Joined,Yes,EMP0167
REQ0167,CAND01187,Finance,L1,Careers Site,2019-10-13,,Applied,No,
REQ0167,CAND01188,Finance,L1,Careers Site,2019-10-18,,Applied,No,
REQ0167,CAND01189,Finance,L1,Employee Referral,2019-10-31,,Applied,No,
REQ0167,CAND01190,Finance,L1,LinkedIn,2019-10-31,,Screened,No,
REQ0167,CAND01191,Finance,L1,Employee Referral,2019-10-28,,Interviewed,No,
REQ0167,CAND01192,Finance,L1,Naukri,2019-10-29,,Screened,No,
REQ0168,CAND01193,Customer Success,L1,LinkedIn,2021-03-28,2021-04-30,Joined,Yes,EMP0168
REQ0168,CAND01194,Customer Success,L1,Naukri,2021-04-08,,Interviewed,No,
REQ0168,CAND01195,Customer Success,L1,Recruitment Agency,2021-04-18,,Applied,No,
REQ0168,CAND01196,Customer Success,L1,LinkedIn,2021-03-25,2021-04-17,Offered,No,
REQ0168,CAND01197,Customer Success,L1,Campus,2021-04-16,,Applied,No,
REQ0168,CAND01198,Customer Success,L1,Careers Site,2021-03-19,,Interviewed,No,
REQ0169,CAND01199,Finance,L4,Recruitment Agency,2022-08-02,2022-10-27,Joined,Yes,EMP0169
REQ0169,CAND01200,Finance,L4,Careers Site,2022-07-19,,Screened,No,
REQ0169,CAND01201,Finance,L4,Employee Referral,2022-08-17,,Applied,No,
REQ0169,CAND01202,Finance,L4,LinkedIn,2022-07-28,,Applied,No,
REQ0169,CAND01203,Finance,L4,Employee Referral,2022-08-05,,Applied,No,
REQ0170,CAND01204,Marketing,L4,Naukri,2022-02-23,2022-03-16,Joined,Yes,EMP0170
REQ0170,CAND01205,Marketing,L4,LinkedIn,2022-02-16,,Applied,No,
REQ0170,CAND01206,Marketing,L4,Employee Referral,2022-03-06,,Interviewed,No,
REQ0170,CAND01207,Marketing,L4,Recruitment Agency,2022-03-08,,Applied,No,
REQ0170,CAND01208,Marketing,L4,Employee Referral,2022-02-24,,Screened,No,
REQ0170,CAND01209,Marketing,L4,Campus,2022-03-03,,Applied,No,
REQ0170,CAND01210,Marketing,L4,Campus,2022-03-01,,Applied,No,
REQ0170,CAND01211,Marketing,L4,Employee Referral,2022-02-25,2022-03-29,Offered,No,
REQ0170,CAND01212,Marketing,L4,Naukri,2022-02-11,,Screened,No,
REQ0171,CAND01213,Finance,L4,LinkedIn,2024-11-09,2025-01-01,Joined,Yes,EMP0171
REQ0171,CAND01214,Finance,L4,Naukri,2024-11-10,,Applied,No,
REQ0171,CAND01215,Finance,L4,Employee Referral,2024-11-24,,Interviewed,No,
REQ0171,CAND01216,Finance,L4,LinkedIn,2024-11-26,2024-12-30,Offered,No,
REQ0172,CAND01217,Engineering,L4,LinkedIn,2021-03-03,2021-05-31,Joined,Yes,EMP0172
REQ0172,CAND01218,Engineering,L4,Recruitment Agency,2021-03-11,,Applied,No,
REQ0172,CAND01219,Engineering,L4,Campus,2021-02-17,2021-03-23,Offered,No,
REQ0172,CAND01220,Engineering,L4,Recruitment Agency,2021-03-18,,Applied,No,
REQ0172,CAND01221,Engineering,L4,Employee Referral,2021-03-10,,Interviewed,No,
REQ0173,CAND01222,Marketing,L1,Naukri,2021-12-24,2022-01-23,Joined,Yes,EMP0173
REQ0173,CAND01223,Marketing,L1,Employee Referral,2021-12-15,,Screened,No,
REQ0173,CAND01224,Marketing,L1,Employee Referral,2021-12-11,2022-01-21,Offered,No,
REQ0173,CAND01225,Marketing,L1,Naukri,2021-12-20,,Interviewed,No,
REQ0173,CAND01226,Marketing,L1,LinkedIn,2021-12-11,,Interviewed,No,
REQ0173,CAND01227,Marketing,L1,Employee Referral,2021-12-16,2022-01-19,Offered,No,
REQ0173,CAND01228,Marketing,L1,Naukri,2021-12-26,,Applied,No,
REQ0173,CAND01229,Marketing,L1,Campus,2021-12-26,,Interviewed,No,
REQ0173,CAND01230,Marketing,L1,LinkedIn,2021-12-13,,Applied,No,
REQ0174,CAND01231,Operations,L5,LinkedIn,2024-03-08,2024-04-27,Joined,Yes,EMP0174
REQ0174,CAND01232,Operations,L5,Recruitment Agency,2024-02-28,,Applied,No,
REQ0174,CAND01233,Operations,L5,Campus,2024-03-20,,Interviewed,No,
REQ0174,CAND01234,Operations,L5,Careers Site,2024-03-01,2024-04-14,Offered,No,
REQ0174,CAND01235,Operations,L5,Campus,2024-03-04,,Applied,No,
REQ0175,CAND01236,Finance,L3,Employee Referral,2021-06-23,2021-07-10,Joined,Yes,EMP0175
REQ0175,CAND01237,Finance,L3,LinkedIn,2021-06-19,,Applied,No,
REQ0175,CAND01238,Finance,L3,Campus,2021-07-08,,Applied,No,
REQ0175,CAND01239,Finance,L3,Employee Referral,2021-06-18,2021-07-22,Offered,No,
REQ0175,CAND01240,Finance,L3,Employee Referral,2021-07-04,,Interviewed,No,
REQ0176,CAND01241,Sales,L4,Careers Site,2024-10-29,2024-11-18,Joined,Yes,EMP0176
REQ0176,CAND01242,Sales,L4,Naukri,2024-11-11,,Applied,No,
REQ0176,CAND01243,Sales,L4,LinkedIn,2024-10-26,,Screened,No,
REQ0176,CAND01244,Sales,L4,LinkedIn,2024-11-17,2024-12-24,Offered,No,
REQ0176,CAND01245,Sales,L4,Naukri,2024-11-12,,Applied,No,
REQ0176,CAND01246,Sales,L4,LinkedIn,2024-11-05,,Interviewed,No,
REQ0176,CAND01247,Sales,L4,LinkedIn,2024-11-02,,Applied,No,
REQ0176,CAND01248,Sales,L4,Recruitment Agency,2024-11-07,,Applied,No,
REQ0176,CAND01249,Sales,L4,Employee Referral,2024-11-02,,Screened,No,
REQ0176,CAND01250,Sales,L4,Employee Referral,2024-11-09,,Screened,No,
REQ0177,CAND01251,Sales,L1,Careers Site,2023-07-02,2023-09-13,Joined,Yes,EMP0177
REQ0177,CAND01252,Sales,L1,Employee Referral,2023-06-27,2023-08-03,Offered,No,
REQ0177,CAND01253,Sales,L1,Employee Referral,2023-07-12,,Screened,No,
REQ0177,CAND01254,Sales,L1,LinkedIn,2023-07-04,,Applied,No,
REQ0177,CAND01255,Sales,L1,Careers Site,2023-07-07,,Applied,No,
REQ0177,CAND01256,Sales,L1,Recruitment Agency,2023-07-23,,Applied,No,
REQ0177,CAND01257,Sales,L1,Recruitment Agency,2023-07-23,,Screened,No,
REQ0177,CAND01258,Sales,L1,Careers Site,2023-07-05,,Applied,No,
REQ0177,CAND01259,Sales,L1,Employee Referral,2023-07-03,,Screened,No,
REQ0177,CAND01260,Sales,L1,Campus,2023-07-05,,Applied,No,
REQ0178,CAND01261,Engineering,L3,Recruitment Agency,2025-04-07,2025-06-19,Joined,Yes,EMP0178
REQ0178,CAND01262,Engineering,L3,Recruitment Agency,2025-04-27,,Applied,No,
REQ0178,CAND01263,Engineering,L3,Recruitment Agency,2025-04-18,,Applied,No,
REQ0178,CAND01264,Engineering,L3,Naukri,2025-04-02,,Applied,No,
REQ0178,CAND01265,Engineering,L3,Employee Referral,2025-04-17,2025-05-08,Offered,No,
REQ0178,CAND01266,Engineering,L3,LinkedIn,2025-04-08,,Screened,No,
REQ0178,CAND01267,Engineering,L3,Naukri,2025-04-03,,Interviewed,No,
REQ0178,CAND01268,Engineering,L3,LinkedIn,2025-04-13,,Interviewed,No,
REQ0178,CAND01269,Engineering,L3,Naukri,2025-03-28,,Applied,No,
REQ0179,CAND01270,Engineering,L1,LinkedIn,2023-08-29,2023-11-26,Joined,Yes,EMP0179
REQ0179,CAND01271,Engineering,L1,Recruitment Agency,2023-08-24,,Screened,No,
REQ0179,CAND01272,Engineering,L1,Recruitment Agency,2023-08-21,,Applied,No,
REQ0179,CAND01273,Engineering,L1,Employee Referral,2023-09-13,2023-10-06,Offered,No,
REQ0179,CAND01274,Engineering,L1,Employee Referral,2023-08-28,2023-09-27,Offered,No,
REQ0179,CAND01275,Engineering,L1,LinkedIn,2023-09-14,,Applied,No,
REQ0179,CAND01276,Engineering,L1,Careers Site,2023-09-18,,Applied,No,
REQ0180,CAND01277,Engineering,L1,Naukri,2020-03-09,2020-05-09,Joined,Yes,EMP0180
REQ0180,CAND01278,Engineering,L1,Employee Referral,2020-03-15,,Interviewed,No,
REQ0180,CAND01279,Engineering,L1,Recruitment Agency,2020-03-25,,Applied,No,
REQ0180,CAND01280,Engineering,L1,Campus,2020-03-11,,Screened,No,
REQ0181,CAND01281,Finance,L1,LinkedIn,2021-07-27,2021-10-18,Joined,Yes,EMP0181
REQ0181,CAND01282,Finance,L1,Recruitment Agency,2021-08-17,,Applied,No,
REQ0181,CAND01283,Finance,L1,Careers Site,2021-07-28,,Screened,No,
REQ0181,CAND01284,Finance,L1,Employee Referral,2021-08-10,,Interviewed,No,
REQ0181,CAND01285,Finance,L1,LinkedIn,2021-08-12,,Applied,No,
REQ0181,CAND01286,Finance,L1,Recruitment Agency,2021-08-09,,Applied,No,
REQ0181,CAND01287,Finance,L1,Employee Referral,2021-07-21,2021-08-25,Offered,No,
REQ0181,CAND01288,Finance,L1,Naukri,2021-08-06,,Applied,No,
REQ0181,CAND01289,Finance,L1,Employee Referral,2021-08-15,,Interviewed,No,
REQ0182,CAND01290,Product,L1,LinkedIn,2020-08-03,2020-09-17,Joined,Yes,EMP0182
REQ0182,CAND01291,Product,L1,LinkedIn,2020-08-10,,Interviewed,No,
REQ0182,CAND01292,Product,L1,LinkedIn,2020-07-27,2020-08-23,Offered,No,
REQ0182,CAND01293,Product,L1,Careers Site,2020-08-04,,Applied,No,
REQ0182,CAND01294,Product,L1,Careers Site,2020-08-01,,Applied,No,
REQ0182,CAND01295,Product,L1,Employee Referral,2020-08-21,,Interviewed,No,
REQ0182,CAND01296,Product,L1,Employee Referral,2020-08-05,2020-08-28,Offered,No,
REQ0182,CAND01297,Product,L1,Employee Referral,2020-07-23,2020-08-13,Offered,No,
REQ0182,CAND01298,Product,L1,Recruitment Agency,2020-07-26,,Applied,No,
REQ0183,CAND01299,Engineering,L2,LinkedIn,2020-07-21,2020-09-28,Joined,Yes,EMP0183
REQ0183,CAND01300,Engineering,L2,Recruitment Agency,2020-08-09,,Applied,No,
REQ0183,CAND01301,Engineering,L2,Campus,2020-07-18,,Screened,No,
REQ0183,CAND01302,Engineering,L2,Naukri,2020-08-11,,Applied,No,
REQ0183,CAND01303,Engineering,L2,Campus,2020-08-05,,Interviewed,No,
REQ0183,CAND01304,Engineering,L2,Employee Referral,2020-08-11,,Interviewed,No,
REQ0183,CAND01305,Engineering,L2,Campus,2020-07-27,,Applied,No,
REQ0183,CAND01306,Engineering,L2,Naukri,2020-07-16,,Interviewed,No,
REQ0183,CAND01307,Engineering,L2,Naukri,2020-08-11,,Applied,No,
REQ0183,CAND01308,Engineering,L2,Naukri,2020-08-01,,Screened,No,
REQ0184,CAND01309,Engineering,L2,Naukri,2026-01-25,2026-03-14,Joined,Yes,EMP0184
REQ0184,CAND01310,Engineering,L2,Naukri,2026-01-31,,Screened,No,
REQ0184,CAND01311,Engineering,L2,Careers Site,2026-02-06,,Screened,No,
REQ0184,CAND01312,Engineering,L2,Campus,2026-02-14,,Screened,No,
REQ0184,CAND01313,Engineering,L2,Careers Site,2026-02-08,,Applied,No,
REQ0184,CAND01314,Engineering,L2,Recruitment Agency,2026-01-11,,Interviewed,No,
REQ0184,CAND01315,Engineering,L2,Employee Referral,2026-01-19,,Interviewed,No,
REQ0185,CAND01316,Engineering,L1,Naukri,2022-01-09,2022-03-23,Joined,Yes,EMP0185
REQ0185,CAND01317,Engineering,L1,Employee Referral,2022-01-01,2022-01-30,Offered,No,
REQ0185,CAND01318,Engineering,L1,Recruitment Agency,2022-01-12,,Interviewed,No,
REQ0185,CAND01319,Engineering,L1,Careers Site,2022-01-27,,Applied,No,
REQ0185,CAND01320,Engineering,L1,Naukri,2022-01-12,,Applied,No,
REQ0185,CAND01321,Engineering,L1,Campus,2022-01-25,,Applied,No,
REQ0185,CAND01322,Engineering,L1,Naukri,2022-01-23,,Applied,No,
REQ0185,CAND01323,Engineering,L1,Campus,2022-01-17,,Applied,No,
REQ0185,CAND01324,Engineering,L1,Naukri,2021-12-31,,Screened,No,
REQ0186,CAND01325,Product,L4,Careers Site,2020-09-05,2020-10-31,Joined,Yes,EMP0186
REQ0186,CAND01326,Product,L4,Employee Referral,2020-08-29,2020-10-08,Offered,No,
REQ0186,CAND01327,Product,L4,LinkedIn,2020-09-26,,Applied,No,
REQ0186,CAND01328,Product,L4,LinkedIn,2020-09-03,,Applied,No,
REQ0186,CAND01329,Product,L4,LinkedIn,2020-09-08,,Screened,No,
REQ0187,CAND01330,Operations,L4,LinkedIn,2023-05-19,2023-06-28,Joined,Yes,EMP0187
REQ0187,CAND01331,Operations,L4,Campus,2023-05-17,,Interviewed,No,
REQ0187,CAND01332,Operations,L4,Employee Referral,2023-05-25,2023-07-04,Offered,No,
REQ0187,CAND01333,Operations,L4,Careers Site,2023-06-03,,Interviewed,No,
REQ0187,CAND01334,Operations,L4,Employee Referral,2023-05-25,,Interviewed,No,
REQ0187,CAND01335,Operations,L4,Campus,2023-06-06,2023-07-05,Offered,No,
REQ0187,CAND01336,Operations,L4,Employee Referral,2023-05-05,,Interviewed,No,
REQ0188,CAND01337,Engineering,L1,LinkedIn,2021-08-18,2021-11-12,Joined,Yes,EMP0188
REQ0188,CAND01338,Engineering,L1,LinkedIn,2021-08-04,,Applied,No,
REQ0188,CAND01339,Engineering,L1,LinkedIn,2021-09-04,,Interviewed,No,
REQ0188,CAND01340,Engineering,L1,Employee Referral,2021-08-13,2021-09-27,Offered,No,
REQ0188,CAND01341,Engineering,L1,Employee Referral,2021-08-15,2021-09-10,Offered,No,
REQ0189,CAND01342,Operations,L3,Recruitment Agency,2024-06-03,2024-06-27,Joined,Yes,EMP0189
REQ0189,CAND01343,Operations,L3,Careers Site,2024-06-01,,Applied,No,
REQ0189,CAND01344,Operations,L3,Recruitment Agency,2024-06-06,,Screened,No,
REQ0189,CAND01345,Operations,L3,Careers Site,2024-06-05,,Screened,No,
REQ0189,CAND01346,Operations,L3,Careers Site,2024-06-14,,Interviewed,No,
REQ0189,CAND01347,Operations,L3,Campus,2024-06-04,,Applied,No,
REQ0189,CAND01348,Operations,L3,Campus,2024-06-23,,Applied,No,
REQ0190,CAND01349,Customer Success,L1,Naukri,2020-07-18,2020-10-10,Joined,Yes,EMP0190
REQ0190,CAND01350,Customer Success,L1,Naukri,2020-07-31,,Screened,No,
REQ0190,CAND01351,Customer Success,L1,Naukri,2020-08-02,,Applied,No,
REQ0190,CAND01352,Customer Success,L1,Careers Site,2020-07-24,,Interviewed,No,
REQ0190,CAND01353,Customer Success,L1,Employee Referral,2020-07-31,,Screened,No,
REQ0190,CAND01354,Customer Success,L1,LinkedIn,2020-07-12,,Applied,No,
REQ0190,CAND01355,Customer Success,L1,LinkedIn,2020-08-01,,Screened,No,
REQ0190,CAND01356,Customer Success,L1,LinkedIn,2020-07-22,,Interviewed,No,
REQ0191,CAND01357,Customer Success,L1,Recruitment Agency,2020-03-29,2020-04-28,Joined,Yes,EMP0191
REQ0191,CAND01358,Customer Success,L1,LinkedIn,2020-03-29,,Screened,No,
REQ0191,CAND01359,Customer Success,L1,Careers Site,2020-04-17,,Applied,No,
REQ0191,CAND01360,Customer Success,L1,Campus,2020-04-14,,Applied,No,
REQ0191,CAND01361,Customer Success,L1,Recruitment Agency,2020-04-12,,Screened,No,
REQ0191,CAND01362,Customer Success,L1,LinkedIn,2020-03-20,,Screened,No,
REQ0191,CAND01363,Customer Success,L1,LinkedIn,2020-04-04,,Applied,No,
REQ0192,CAND01364,Finance,L3,Recruitment Agency,2022-08-14,2022-08-21,Joined,Yes,EMP0192
REQ0192,CAND01365,Finance,L3,Employee Referral,2022-08-08,2022-08-28,Offered,No,
REQ0192,CAND01366,Finance,L3,LinkedIn,2022-08-08,,Interviewed,No,
REQ0192,CAND01367,Finance,L3,Employee Referral,2022-08-10,,Screened,No,
REQ0192,CAND01368,Finance,L3,Employee Referral,2022-08-25,,Screened,No,
REQ0192,CAND01369,Finance,L3,Naukri,2022-09-04,,Screened,No,
REQ0192,CAND01370,Finance,L3,Employee Referral,2022-08-26,2022-10-02,Offered,No,
REQ0193,CAND01371,Engineering,L3,Campus,2022-02-23,2022-02-28,Joined,Yes,EMP0193
REQ0193,CAND01372,Engineering,L3,Employee Referral,2022-02-28,2022-04-08,Offered,No,
REQ0193,CAND01373,Engineering,L3,Naukri,2022-02-10,,Applied,No,
REQ0193,CAND01374,Engineering,L3,LinkedIn,2022-02-15,,Interviewed,No,
REQ0193,CAND01375,Engineering,L3,LinkedIn,2022-03-14,,Interviewed,No,
REQ0193,CAND01376,Engineering,L3,Campus,2022-02-22,,Interviewed,No,
REQ0193,CAND01377,Engineering,L3,Naukri,2022-02-22,,Applied,No,
REQ0193,CAND01378,Engineering,L3,LinkedIn,2022-02-12,,Applied,No,
REQ0194,CAND01379,Finance,L4,Recruitment Agency,2022-01-22,2022-02-02,Joined,Yes,EMP0194
REQ0194,CAND01380,Finance,L4,LinkedIn,2022-01-22,2022-03-06,Offered,No,
REQ0194,CAND01381,Finance,L4,Careers Site,2022-01-24,,Interviewed,No,
REQ0194,CAND01382,Finance,L4,Naukri,2022-01-09,,Screened,No,
REQ0194,CAND01383,Finance,L4,LinkedIn,2022-01-19,,Screened,No,
REQ0194,CAND01384,Finance,L4,LinkedIn,2022-02-03,,Screened,No,
REQ0195,CAND01385,Sales,L1,Recruitment Agency,2021-12-16,2022-01-26,Joined,Yes,EMP0195
REQ0195,CAND01386,Sales,L1,LinkedIn,2022-01-01,,Screened,No,
REQ0195,CAND01387,Sales,L1,Employee Referral,2021-12-20,,Screened,No,
REQ0195,CAND01388,Sales,L1,Employee Referral,2021-12-10,2022-01-08,Offered,No,
REQ0195,CAND01389,Sales,L1,LinkedIn,2021-12-09,,Applied,No,
REQ0195,CAND01390,Sales,L1,Campus,2021-12-09,,Screened,No,
REQ0195,CAND01391,Sales,L1,Naukri,2021-12-16,,Applied,No,
REQ0195,CAND01392,Sales,L1,Naukri,2022-01-02,,Applied,No,
REQ0195,CAND01393,Sales,L1,Naukri,2021-12-28,,Screened,No,
REQ0195,CAND01394,Sales,L1,LinkedIn,2021-12-08,,Applied,No,
REQ0196,CAND01395,Engineering,L1,LinkedIn,2020-08-14,2020-11-01,Joined,Yes,EMP0196
REQ0196,CAND01396,Engineering,L1,Careers Site,2020-07-31,,Screened,No,
REQ0196,CAND01397,Engineering,L1,Employee Referral,2020-08-12,2020-09-02,Offered,No,
REQ0196,CAND01398,Engineering,L1,Naukri,2020-08-28,,Screened,No,
REQ0196,CAND01399,Engineering,L1,Employee Referral,2020-08-16,,Applied,No,
REQ0196,CAND01400,Engineering,L1,Employee Referral,2020-08-16,,Screened,No,
REQ0197,CAND01401,Marketing,L3,Careers Site,2021-11-30,2021-12-28,Joined,Yes,EMP0197
REQ0197,CAND01402,Marketing,L3,Careers Site,2021-12-08,,Applied,No,
REQ0197,CAND01403,Marketing,L3,Campus,2021-11-20,,Interviewed,No,
REQ0197,CAND01404,Marketing,L3,Campus,2021-12-17,,Screened,No,
REQ0197,CAND01405,Marketing,L3,LinkedIn,2021-12-15,,Applied,No,
REQ0198,CAND01406,Sales,L3,LinkedIn,2021-02-04,2021-03-17,Joined,Yes,EMP0198
REQ0198,CAND01407,Sales,L3,Naukri,2021-01-29,,Applied,No,
REQ0198,CAND01408,Sales,L3,Campus,2021-01-31,,Applied,No,
REQ0198,CAND01409,Sales,L3,Employee Referral,2021-02-12,,Interviewed,No,
REQ0198,CAND01410,Sales,L3,LinkedIn,2021-02-02,,Applied,No,
REQ0198,CAND01411,Sales,L3,Careers Site,2021-01-31,,Interviewed,No,
REQ0198,CAND01412,Sales,L3,Campus,2021-02-12,,Applied,No,
REQ0198,CAND01413,Sales,L3,Naukri,2021-02-02,,Applied,No,
REQ0198,CAND01414,Sales,L3,Employee Referral,2021-01-25,,Screened,No,
REQ0199,CAND01415,Marketing,L6,Employee Referral,2025-01-24,2025-03-24,Joined,Yes,EMP0199
REQ0199,CAND01416,Marketing,L6,Recruitment Agency,2025-02-02,,Applied,No,
REQ0199,CAND01417,Marketing,L6,Employee Referral,2025-01-20,,Interviewed,No,
REQ0199,CAND01418,Marketing,L6,Recruitment Agency,2025-02-12,,Applied,No,
REQ0199,CAND01419,Marketing,L6,LinkedIn,2025-01-27,,Screened,No,
REQ0199,CAND01420,Marketing,L6,Employee Referral,2025-01-30,,Screened,No,
REQ0199,CAND01421,Marketing,L6,Naukri,2025-01-21,,Applied,No,
REQ0199,CAND01422,Marketing,L6,Careers Site,2025-02-03,,Screened,No,
REQ0199,CAND01423,Marketing,L6,Employee Referral,2025-01-29,,Screened,No,
REQ0199,CAND01424,Marketing,L6,Campus,2025-02-07,,Applied,No,
REQ0200,CAND01425,Finance,L1,Careers Site,2022-07-25,2022-08-23,Joined,Yes,EMP0200
REQ0200,CAND01426,Finance,L1,Employee Referral,2022-07-25,,Interviewed,No,
REQ0200,CAND01427,Finance,L1,LinkedIn,2022-07-13,,Interviewed,No,
REQ0200,CAND01428,Finance,L1,Campus,2022-07-24,,Applied,No,
REQ0200,CAND01429,Finance,L1,Careers Site,2022-07-31,,Screened,No,
REQ0200,CAND01430,Finance,L1,Naukri,2022-07-13,,Screened,No,
REQ0201,CAND01431,Product,L4,Employee Referral,2019-12-29,2020-03-23,Joined,Yes,EMP0201
REQ0201,CAND01432,Product,L4,Employee Referral,2020-01-05,,Interviewed,No,
REQ0201,CAND01433,Product,L4,Employee Referral,2019-12-24,,Screened,No,
REQ0201,CAND01434,Product,L4,Naukri,2020-01-09,,Applied,No,
REQ0201,CAND01435,Product,L4,Employee Referral,2019-12-27,2020-01-29,Offered,No,
REQ0201,CAND01436,Product,L4,LinkedIn,2020-01-16,,Applied,No,
REQ0202,CAND01437,Sales,L3,Naukri,2022-07-09,2022-08-18,Joined,Yes,EMP0202
REQ0202,CAND01438,Sales,L3,Campus,2022-07-08,,Applied,No,
REQ0202,CAND01439,Sales,L3,Employee Referral,2022-07-15,2022-08-21,Offered,No,
REQ0202,CAND01440,Sales,L3,Employee Referral,2022-07-20,,Screened,No,
REQ0202,CAND01441,Sales,L3,Employee Referral,2022-07-17,,Interviewed,No,
REQ0202,CAND01442,Sales,L3,Campus,2022-07-03,,Screened,No,
REQ0202,CAND01443,Sales,L3,Employee Referral,2022-07-19,,Interviewed,No,
REQ0202,CAND01444,Sales,L3,LinkedIn,2022-07-19,,Screened,No,
REQ0202,CAND01445,Sales,L3,Careers Site,2022-07-27,,Applied,No,
REQ0202,CAND01446,Sales,L3,LinkedIn,2022-07-13,,Applied,No,
REQ0203,CAND01447,Engineering,L1,Careers Site,2024-05-31,2024-06-26,Joined,Yes,EMP0203
REQ0203,CAND01448,Engineering,L1,Naukri,2024-06-03,,Applied,No,
REQ0203,CAND01449,Engineering,L1,LinkedIn,2024-06-14,,Applied,No,
REQ0203,CAND01450,Engineering,L1,Recruitment Agency,2024-06-12,,Interviewed,No,
REQ0203,CAND01451,Engineering,L1,LinkedIn,2024-05-21,,Applied,No,
REQ0203,CAND01452,Engineering,L1,Employee Referral,2024-06-18,,Screened,No,
REQ0203,CAND01453,Engineering,L1,Campus,2024-05-27,,Applied,No,
REQ0203,CAND01454,Engineering,L1,Campus,2024-06-09,,Screened,No,
REQ0203,CAND01455,Engineering,L1,Employee Referral,2024-06-03,2024-07-18,Offered,No,
REQ0204,CAND01456,Marketing,L1,Employee Referral,2019-05-24,2019-07-27,Joined,Yes,EMP0204
REQ0204,CAND01457,Marketing,L1,LinkedIn,2019-06-13,,Applied,No,
REQ0204,CAND01458,Marketing,L1,Naukri,2019-05-21,,Interviewed,No,
REQ0204,CAND01459,Marketing,L1,Naukri,2019-05-30,,Applied,No,
REQ0204,CAND01460,Marketing,L1,Employee Referral,2019-06-14,,Screened,No,
REQ0205,CAND01461,Operations,L3,LinkedIn,2025-01-16,2025-04-05,Joined,Yes,EMP0205
REQ0205,CAND01462,Operations,L3,Campus,2025-01-02,,Screened,No,
REQ0205,CAND01463,Operations,L3,Campus,2025-01-03,,Applied,No,
REQ0205,CAND01464,Operations,L3,Careers Site,2025-01-15,,Applied,No,
REQ0205,CAND01465,Operations,L3,Employee Referral,2025-01-26,2025-02-17,Offered,No,
REQ0205,CAND01466,Operations,L3,Campus,2025-01-29,,Applied,No,
REQ0205,CAND01467,Operations,L3,Employee Referral,2025-01-23,,Interviewed,No,
REQ0205,CAND01468,Operations,L3,LinkedIn,2025-01-12,,Screened,No,
REQ0205,CAND01469,Operations,L3,Campus,2025-01-29,,Screened,No,
REQ0205,CAND01470,Operations,L3,Naukri,2025-01-07,,Applied,No,
REQ0206,CAND01471,Sales,L2,Naukri,2024-05-05,2024-07-22,Joined,Yes,EMP0206
REQ0206,CAND01472,Sales,L2,Careers Site,2024-05-10,,Screened,No,
REQ0206,CAND01473,Sales,L2,Employee Referral,2024-05-09,,Screened,No,
REQ0206,CAND01474,Sales,L2,LinkedIn,2024-05-21,,Applied,No,
REQ0206,CAND01475,Sales,L2,Employee Referral,2024-05-25,,Screened,No,
REQ0206,CAND01476,Sales,L2,Employee Referral,2024-05-20,2024-06-30,Offered,No,
REQ0206,CAND01477,Sales,L2,Campus,2024-05-04,,Interviewed,No,
REQ0207,CAND01478,Marketing,L3,LinkedIn,2020-01-08,2020-03-26,Joined,Yes,EMP0207
REQ0207,CAND01479,Marketing,L3,LinkedIn,2020-01-07,,Interviewed,No,
REQ0207,CAND01480,Marketing,L3,Naukri,2019-12-25,,Screened,No,
REQ0207,CAND01481,Marketing,L3,Careers Site,2019-12-25,,Interviewed,No,
REQ0207,CAND01482,Marketing,L3,Naukri,2020-01-27,,Interviewed,No,
REQ0207,CAND01483,Marketing,L3,Recruitment Agency,2020-01-27,,Applied,No,
REQ0207,CAND01484,Marketing,L3,Naukri,2020-01-17,,Applied,No,
REQ0207,CAND01485,Marketing,L3,LinkedIn,2020-01-11,,Applied,No,
REQ0207,CAND01486,Marketing,L3,LinkedIn,2019-12-25,,Screened,No,
REQ0208,CAND01487,Sales,L2,Careers Site,2023-05-06,2023-06-25,Joined,Yes,EMP0208
REQ0208,CAND01488,Sales,L2,Employee Referral,2023-05-06,,Interviewed,No,
REQ0208,CAND01489,Sales,L2,Naukri,2023-05-09,,Applied,No,
REQ0208,CAND01490,Sales,L2,Recruitment Agency,2023-05-05,,Applied,No,
REQ0208,CAND01491,Sales,L2,Employee Referral,2023-05-11,,Screened,No,
REQ0208,CAND01492,Sales,L2,Employee Referral,2023-05-18,,Screened,No,
REQ0208,CAND01493,Sales,L2,LinkedIn,2023-05-06,,Interviewed,No,
REQ0208,CAND01494,Sales,L2,Recruitment Agency,2023-05-06,,Applied,No,
REQ0208,CAND01495,Sales,L2,Naukri,2023-05-11,,Applied,No,
REQ0209,CAND01496,Engineering,L1,Naukri,2019-03-16,2019-05-07,Joined,Yes,EMP0209
REQ0209,CAND01497,Engineering,L1,Recruitment Agency,2019-03-25,,Applied,No,
REQ0209,CAND01498,Engineering,L1,Careers Site,2019-03-06,,Screened,No,
REQ0209,CAND01499,Engineering,L1,Employee Referral,2019-03-21,,Interviewed,No,
REQ0209,CAND01500,Engineering,L1,Campus,2019-03-23,,Screened,No,
REQ0209,CAND01501,Engineering,L1,Naukri,2019-03-19,,Applied,No,
REQ0209,CAND01502,Engineering,L1,Recruitment Agency,2019-03-27,,Interviewed,No,
REQ0209,CAND01503,Engineering,L1,Employee Referral,2019-03-02,2019-04-13,Offered,No,
REQ0209,CAND01504,Engineering,L1,Careers Site,2019-04-01,,Applied,No,
REQ0210,CAND01505,Engineering,L1,Careers Site,2020-11-26,2021-02-09,Joined,Yes,EMP0210
REQ0210,CAND01506,Engineering,L1,Naukri,2020-12-09,,Applied,No,
REQ0210,CAND01507,Engineering,L1,Recruitment Agency,2020-12-01,,Screened,No,
REQ0210,CAND01508,Engineering,L1,Careers Site,2020-11-12,,Screened,No,
REQ0210,CAND01509,Engineering,L1,LinkedIn,2020-12-03,2020-12-28,Offered,No,
REQ0210,CAND01510,Engineering,L1,Recruitment Agency,2020-12-15,,Screened,No,
REQ0210,CAND01511,Engineering,L1,Recruitment Agency,2020-11-15,,Applied,No,
REQ0210,CAND01512,Engineering,L1,Recruitment Agency,2020-12-12,,Applied,No,
REQ0210,CAND01513,Engineering,L1,Recruitment Agency,2020-12-06,,Screened,No,
REQ0210,CAND01514,Engineering,L1,Recruitment Agency,2020-12-14,,Applied,No,
REQ0211,CAND01515,Engineering,L1,LinkedIn,2019-07-04,2019-07-18,Joined,Yes,EMP0211
REQ0211,CAND01516,Engineering,L1,Naukri,2019-07-15,,Applied,No,
REQ0211,CAND01517,Engineering,L1,Careers Site,2019-07-09,,Screened,No,
REQ0211,CAND01518,Engineering,L1,Employee Referral,2019-07-21,,Screened,No,
REQ0211,CAND01519,Engineering,L1,LinkedIn,2019-07-09,,Screened,No,
REQ0211,CAND01520,Engineering,L1,Employee Referral,2019-07-10,2019-08-13,Offered,No,
REQ0212,CAND01521,Human Resources,L3,Careers Site,2023-06-07,2023-07-29,Joined,Yes,EMP0212
REQ0212,CAND01522,Human Resources,L3,Employee Referral,2023-06-05,2023-07-04,Offered,No,
REQ0212,CAND01523,Human Resources,L3,Employee Referral,2023-06-17,2023-07-28,Offered,No,
REQ0212,CAND01524,Human Resources,L3,Naukri,2023-06-06,,Applied,No,
REQ0212,CAND01525,Human Resources,L3,Careers Site,2023-06-25,,Interviewed,No,
REQ0212,CAND01526,Human Resources,L3,Recruitment Agency,2023-05-28,,Applied,No,
REQ0212,CAND01527,Human Resources,L3,Careers Site,2023-06-16,,Applied,No,
REQ0212,CAND01528,Human Resources,L3,Naukri,2023-05-25,,Screened,No,
REQ0212,CAND01529,Human Resources,L3,Employee Referral,2023-05-27,,Screened,No,
REQ0212,CAND01530,Human Resources,L3,Campus,2023-05-24,,Screened,No,
REQ0213,CAND01531,Finance,L1,Careers Site,2023-07-28,2023-08-06,Joined,Yes,EMP0213
REQ0213,CAND01532,Finance,L1,Campus,2023-08-01,,Interviewed,No,
REQ0213,CAND01533,Finance,L1,Employee Referral,2023-07-21,,Applied,No,
REQ0213,CAND01534,Finance,L1,Employee Referral,2023-08-04,2023-08-28,Offered,No,
REQ0213,CAND01535,Finance,L1,Campus,2023-08-07,,Applied,No,
REQ0213,CAND01536,Finance,L1,Naukri,2023-07-16,,Screened,No,
REQ0214,CAND01537,Customer Success,L5,Employee Referral,2022-04-26,2022-07-21,Joined,Yes,EMP0214
REQ0214,CAND01538,Customer Success,L5,LinkedIn,2022-05-07,,Applied,No,
REQ0214,CAND01539,Customer Success,L5,LinkedIn,2022-05-10,,Applied,No,
REQ0214,CAND01540,Customer Success,L5,Careers Site,2022-05-04,,Screened,No,
REQ0215,CAND01541,Customer Success,L4,Campus,2024-11-14,2024-12-01,Joined,Yes,EMP0215
REQ0215,CAND01542,Customer Success,L4,LinkedIn,2024-11-16,,Screened,No,
REQ0215,CAND01543,Customer Success,L4,LinkedIn,2024-11-25,,Applied,No,
REQ0215,CAND01544,Customer Success,L4,Recruitment Agency,2024-11-28,,Screened,No,
REQ0216,CAND01545,Sales,L1,Campus,2025-11-04,2025-11-27,Joined,Yes,EMP0216
REQ0216,CAND01546,Sales,L1,LinkedIn,2025-11-25,,Applied,No,
REQ0216,CAND01547,Sales,L1,Naukri,2025-11-08,,Applied,No,
REQ0216,CAND01548,Sales,L1,Campus,2025-11-08,,Applied,No,
REQ0216,CAND01549,Sales,L1,LinkedIn,2025-11-12,,Screened,No,
REQ0217,CAND01550,Customer Success,L2,Employee Referral,2025-02-21,2025-05-21,Joined,Yes,EMP0217
REQ0217,CAND01551,Customer Success,L2,Recruitment Agency,2025-02-09,,Screened,No,
REQ0217,CAND01552,Customer Success,L2,Employee Referral,2025-02-11,2025-03-18,Offered,No,
REQ0217,CAND01553,Customer Success,L2,Naukri,2025-02-14,,Applied,No,
REQ0217,CAND01554,Customer Success,L2,Recruitment Agency,2025-03-03,,Applied,No,
REQ0217,CAND01555,Customer Success,L2,Employee Referral,2025-03-07,2025-03-28,Offered,No,
REQ0218,CAND01556,Product,L4,Naukri,2020-12-28,2021-03-11,Joined,Yes,EMP0218
REQ0218,CAND01557,Product,L4,Employee Referral,2020-12-25,2021-02-07,Offered,No,
REQ0218,CAND01558,Product,L4,Employee Referral,2020-12-23,,Screened,No,
REQ0218,CAND01559,Product,L4,Careers Site,2020-12-16,,Applied,No,
REQ0218,CAND01560,Product,L4,Campus,2021-01-14,,Applied,No,
REQ0218,CAND01561,Product,L4,LinkedIn,2021-01-08,,Applied,No,
REQ0218,CAND01562,Product,L4,Naukri,2021-01-05,,Interviewed,No,
REQ0218,CAND01563,Product,L4,Employee Referral,2020-12-24,2021-02-05,Offered,No,
REQ0219,CAND01564,Marketing,L1,LinkedIn,2020-11-19,2020-11-25,Joined,Yes,EMP0219
REQ0219,CAND01565,Marketing,L1,Employee Referral,2020-11-05,2020-12-11,Offered,No,
REQ0219,CAND01566,Marketing,L1,Employee Referral,2020-11-08,2020-12-07,Offered,No,
REQ0219,CAND01567,Marketing,L1,LinkedIn,2020-11-12,,Applied,No,
REQ0219,CAND01568,Marketing,L1,Naukri,2020-11-24,,Applied,No,
REQ0219,CAND01569,Marketing,L1,LinkedIn,2020-11-10,,Applied,No,
REQ0219,CAND01570,Marketing,L1,Employee Referral,2020-11-09,,Interviewed,No,
REQ0219,CAND01571,Marketing,L1,Careers Site,2020-11-12,,Applied,No,
REQ0219,CAND01572,Marketing,L1,LinkedIn,2020-12-09,,Applied,No,
REQ0219,CAND01573,Marketing,L1,LinkedIn,2020-11-25,,Applied,No,
REQ0220,CAND01574,Engineering,L2,LinkedIn,2024-11-12,2024-11-25,Joined,Yes,EMP0220
REQ0220,CAND01575,Engineering,L2,Careers Site,2024-11-30,,Applied,No,
REQ0220,CAND01576,Engineering,L2,LinkedIn,2024-11-09,,Interviewed,No,
REQ0220,CAND01577,Engineering,L2,Careers Site,2024-11-10,,Screened,No,
REQ0221,CAND01578,Sales,L2,LinkedIn,2019-04-28,2019-05-09,Joined,Yes,EMP0221
REQ0221,CAND01579,Sales,L2,Naukri,2019-05-12,,Applied,No,
REQ0221,CAND01580,Sales,L2,LinkedIn,2019-04-27,,Interviewed,No,
REQ0221,CAND01581,Sales,L2,Employee Referral,2019-04-27,,Screened,No,
REQ0221,CAND01582,Sales,L2,LinkedIn,2019-04-24,,Screened,No,
REQ0221,CAND01583,Sales,L2,Careers Site,2019-04-28,,Applied,No,
REQ0221,CAND01584,Sales,L2,Recruitment Agency,2019-04-29,,Applied,No,
REQ0222,CAND01585,Human Resources,L2,LinkedIn,2021-10-15,2021-11-02,Joined,Yes,EMP0222
REQ0222,CAND01586,Human Resources,L2,Recruitment Agency,2021-10-18,,Applied,No,
REQ0222,CAND01587,Human Resources,L2,Recruitment Agency,2021-10-07,,Screened,No,
REQ0222,CAND01588,Human Resources,L2,LinkedIn,2021-10-12,,Interviewed,No,
REQ0223,CAND01589,Engineering,L3,Recruitment Agency,2024-08-01,2024-08-27,Joined,Yes,EMP0223
REQ0223,CAND01590,Engineering,L3,LinkedIn,2024-08-14,,Applied,No,
REQ0223,CAND01591,Engineering,L3,LinkedIn,2024-07-21,2024-08-15,Offered,No,
REQ0223,CAND01592,Engineering,L3,Careers Site,2024-07-23,,Interviewed,No,
REQ0223,CAND01593,Engineering,L3,Campus,2024-08-19,,Applied,No,
REQ0223,CAND01594,Engineering,L3,Naukri,2024-08-10,,Screened,No,
REQ0223,CAND01595,Engineering,L3,Employee Referral,2024-08-09,2024-09-03,Offered,No,
REQ0223,CAND01596,Engineering,L3,Employee Referral,2024-08-21,,Interviewed,No,
REQ0224,CAND01597,Engineering,L2,LinkedIn,2019-01-28,2019-04-13,Joined,Yes,EMP0224
REQ0224,CAND01598,Engineering,L2,Recruitment Agency,2019-01-14,,Applied,No,
REQ0224,CAND01599,Engineering,L2,Careers Site,2019-02-05,,Applied,No,
REQ0224,CAND01600,Engineering,L2,Employee Referral,2019-01-30,2019-03-05,Offered,No,
REQ0224,CAND01601,Engineering,L2,LinkedIn,2019-01-21,,Interviewed,No,
REQ0224,CAND01602,Engineering,L2,Employee Referral,2019-01-28,,Applied,No,
REQ0224,CAND01603,Engineering,L2,Campus,2019-01-25,,Applied,No,
REQ0224,CAND01604,Engineering,L2,LinkedIn,2019-01-27,,Applied,No,
REQ0224,CAND01605,Engineering,L2,Naukri,2019-01-23,,Interviewed,No,
REQ0225,CAND01606,Human Resources,L4,Employee Referral,2025-08-28,2025-10-01,Joined,Yes,EMP0225
REQ0225,CAND01607,Human Resources,L4,Campus,2025-09-15,,Interviewed,No,
REQ0225,CAND01608,Human Resources,L4,Employee Referral,2025-09-10,2025-10-08,Offered,No,
REQ0225,CAND01609,Human Resources,L4,Employee Referral,2025-09-17,2025-10-15,Offered,No,
REQ0225,CAND01610,Human Resources,L4,Careers Site,2025-08-22,,Screened,No,
REQ0225,CAND01611,Human Resources,L4,Naukri,2025-08-23,,Applied,No,
REQ0225,CAND01612,Human Resources,L4,Employee Referral,2025-09-14,,Screened,No,
REQ0226,CAND01613,Sales,L1,Employee Referral,2019-08-19,2019-10-18,Joined,Yes,EMP0226
REQ0226,CAND01614,Sales,L1,Naukri,2019-08-08,,Applied,No,
REQ0226,CAND01615,Sales,L1,Careers Site,2019-08-24,,Applied,No,
REQ0226,CAND01616,Sales,L1,LinkedIn,2019-08-05,,Screened,No,
REQ0227,CAND01617,Product,L4,Campus,2019-06-06,2019-06-26,Joined,Yes,EMP0227
REQ0227,CAND01618,Product,L4,Employee Referral,2019-06-18,,Screened,No,
REQ0227,CAND01619,Product,L4,Careers Site,2019-06-21,,Interviewed,No,
REQ0227,CAND01620,Product,L4,Careers Site,2019-06-26,,Applied,No,
REQ0227,CAND01621,Product,L4,Careers Site,2019-06-25,,Screened,No,
REQ0227,CAND01622,Product,L4,LinkedIn,2019-05-26,,Applied,No,
REQ0227,CAND01623,Product,L4,Campus,2019-06-11,2019-07-25,Offered,No,
REQ0227,CAND01624,Product,L4,Campus,2019-06-17,,Applied,No,
REQ0227,CAND01625,Product,L4,Campus,2019-06-08,,Applied,No,
REQ0228,CAND01626,Customer Success,L1,Employee Referral,2024-12-30,2025-03-17,Joined,Yes,EMP0228
REQ0228,CAND01627,Customer Success,L1,Careers Site,2025-01-07,,Applied,No,
REQ0228,CAND01628,Customer Success,L1,Recruitment Agency,2025-01-01,,Interviewed,No,
REQ0228,CAND01629,Customer Success,L1,Employee Referral,2025-01-08,,Screened,No,
REQ0228,CAND01630,Customer Success,L1,Naukri,2024-12-26,,Interviewed,No,
REQ0229,CAND01631,Finance,L1,Campus,2024-01-21,2024-04-09,Joined,Yes,EMP0229
REQ0229,CAND01632,Finance,L1,Employee Referral,2024-01-08,2024-02-21,Offered,No,
REQ0229,CAND01633,Finance,L1,Recruitment Agency,2024-01-23,,Screened,No,
REQ0229,CAND01634,Finance,L1,Employee Referral,2024-01-17,,Applied,No,
REQ0229,CAND01635,Finance,L1,LinkedIn,2024-01-09,,Screened,No,
REQ0229,CAND01636,Finance,L1,Naukri,2024-01-11,,Applied,No,
REQ0229,CAND01637,Finance,L1,Careers Site,2024-01-26,,Applied,No,
REQ0230,CAND01638,Engineering,L4,Recruitment Agency,2026-04-30,2026-05-23,Joined,Yes,EMP0230
REQ0230,CAND01639,Engineering,L4,Employee Referral,2026-04-20,2026-06-01,Offered,No,
REQ0230,CAND01640,Engineering,L4,Recruitment Agency,2026-04-26,,Applied,No,
REQ0230,CAND01641,Engineering,L4,Employee Referral,2026-05-10,2026-06-15,Offered,No,
REQ0231,CAND01642,Sales,L3,Employee Referral,2021-11-09,2021-12-18,Joined,Yes,EMP0231
REQ0231,CAND01643,Sales,L3,Employee Referral,2021-11-01,,Screened,No,
REQ0231,CAND01644,Sales,L3,LinkedIn,2021-11-15,,Applied,No,
REQ0231,CAND01645,Sales,L3,Recruitment Agency,2021-11-19,,Interviewed,No,
REQ0232,CAND01646,Engineering,L1,Recruitment Agency,2023-07-20,2023-09-18,Joined,Yes,EMP0232
REQ0232,CAND01647,Engineering,L1,Campus,2023-08-10,,Applied,No,
REQ0232,CAND01648,Engineering,L1,Careers Site,2023-07-28,,Screened,No,
REQ0232,CAND01649,Engineering,L1,Campus,2023-08-05,,Applied,No,
REQ0233,CAND01650,Sales,L3,Naukri,2021-05-07,2021-05-15,Joined,Yes,EMP0233
REQ0233,CAND01651,Sales,L3,Recruitment Agency,2021-05-06,,Applied,No,
REQ0233,CAND01652,Sales,L3,Careers Site,2021-05-08,,Applied,No,
REQ0233,CAND01653,Sales,L3,LinkedIn,2021-05-25,,Applied,No,
REQ0233,CAND01654,Sales,L3,Naukri,2021-04-30,,Screened,No,
REQ0233,CAND01655,Sales,L3,Careers Site,2021-05-22,,Interviewed,No,
REQ0233,CAND01656,Sales,L3,Recruitment Agency,2021-05-13,,Screened,No,
REQ0233,CAND01657,Sales,L3,Naukri,2021-04-25,,Interviewed,No,
REQ0233,CAND01658,Sales,L3,Employee Referral,2021-04-23,,Screened,No,
REQ0234,CAND01659,Product,L3,Campus,2022-09-21,2022-10-24,Joined,Yes,EMP0234
REQ0234,CAND01660,Product,L3,Employee Referral,2022-10-10,,Screened,No,
REQ0234,CAND01661,Product,L3,Careers Site,2022-09-25,,Applied,No,
REQ0234,CAND01662,Product,L3,Recruitment Agency,2022-10-02,,Applied,No,
REQ0234,CAND01663,Product,L3,Careers Site,2022-09-30,,Screened,No,
REQ0234,CAND01664,Product,L3,Careers Site,2022-09-13,,Screened,No,
REQ0234,CAND01665,Product,L3,Employee Referral,2022-10-02,,Screened,No,
REQ0234,CAND01666,Product,L3,Recruitment Agency,2022-09-18,,Applied,No,
REQ0234,CAND01667,Product,L3,Employee Referral,2022-10-02,2022-10-27,Offered,No,
REQ0234,CAND01668,Product,L3,Campus,2022-09-20,,Applied,No,
REQ0235,CAND01669,Sales,L2,LinkedIn,2020-02-17,2020-05-07,Joined,Yes,EMP0235
REQ0235,CAND01670,Sales,L2,LinkedIn,2020-02-06,,Applied,No,
REQ0235,CAND01671,Sales,L2,LinkedIn,2020-02-29,,Applied,No,
REQ0235,CAND01672,Sales,L2,Employee Referral,2020-02-24,2020-03-28,Offered,No,
REQ0235,CAND01673,Sales,L2,Recruitment Agency,2020-03-06,,Applied,No,
REQ0235,CAND01674,Sales,L2,Campus,2020-02-23,,Applied,No,
REQ0235,CAND01675,Sales,L2,Careers Site,2020-03-06,,Interviewed,No,
REQ0235,CAND01676,Sales,L2,LinkedIn,2020-02-26,,Interviewed,No,
REQ0236,CAND01677,Product,L5,Naukri,2024-11-07,2025-01-22,Joined,Yes,EMP0236
REQ0236,CAND01678,Product,L5,Campus,2024-11-17,,Applied,No,
REQ0236,CAND01679,Product,L5,Careers Site,2024-11-24,,Applied,No,
REQ0236,CAND01680,Product,L5,Employee Referral,2024-11-06,2024-12-02,Offered,No,
REQ0236,CAND01681,Product,L5,Naukri,2024-11-08,,Interviewed,No,
REQ0236,CAND01682,Product,L5,Employee Referral,2024-11-17,,Screened,No,
REQ0236,CAND01683,Product,L5,Employee Referral,2024-11-09,2024-12-07,Offered,No,
REQ0237,CAND01684,Sales,L2,Employee Referral,2025-04-06,2025-04-29,Joined,Yes,EMP0237
REQ0237,CAND01685,Sales,L2,LinkedIn,2025-04-22,,Applied,No,
REQ0237,CAND01686,Sales,L2,Naukri,2025-04-19,,Applied,No,
REQ0237,CAND01687,Sales,L2,LinkedIn,2025-04-19,,Screened,No,
REQ0238,CAND01688,Engineering,L3,LinkedIn,2019-06-20,2019-07-07,Joined,Yes,EMP0238
REQ0238,CAND01689,Engineering,L3,Employee Referral,2019-06-28,,Applied,No,
REQ0238,CAND01690,Engineering,L3,Naukri,2019-06-11,,Screened,No,
REQ0238,CAND01691,Engineering,L3,Recruitment Agency,2019-06-30,,Applied,No,
REQ0238,CAND01692,Engineering,L3,LinkedIn,2019-06-10,,Applied,No,
REQ0238,CAND01693,Engineering,L3,Naukri,2019-06-06,,Interviewed,No,
REQ0239,CAND01694,Engineering,L5,Naukri,2024-01-17,2024-04-09,Joined,Yes,EMP0239
REQ0239,CAND01695,Engineering,L5,Careers Site,2024-01-03,,Applied,No,
REQ0239,CAND01696,Engineering,L5,Campus,2024-01-31,,Applied,No,
REQ0239,CAND01697,Engineering,L5,Recruitment Agency,2024-02-02,,Interviewed,No,
REQ0239,CAND01698,Engineering,L5,Naukri,2024-01-06,,Screened,No,
REQ0239,CAND01699,Engineering,L5,LinkedIn,2024-01-03,2024-02-02,Offered,No,
REQ0239,CAND01700,Engineering,L5,Careers Site,2024-01-12,,Interviewed,No,
REQ0239,CAND01701,Engineering,L5,Careers Site,2024-01-10,,Interviewed,No,
REQ0240,CAND01702,Engineering,L1,Naukri,2019-12-15,2020-02-15,Joined,Yes,EMP0240
REQ0240,CAND01703,Engineering,L1,Naukri,2020-01-02,,Screened,No,
REQ0240,CAND01704,Engineering,L1,Campus,2020-01-03,,Screened,No,
REQ0240,CAND01705,Engineering,L1,Naukri,2019-12-01,,Screened,No,
REQ0240,CAND01706,Engineering,L1,LinkedIn,2019-12-18,,Applied,No,
REQ0240,CAND01707,Engineering,L1,Employee Referral,2019-12-18,,Screened,No,
REQ0240,CAND01708,Engineering,L1,Recruitment Agency,2019-12-25,,Applied,No,
REQ0240,CAND01709,Engineering,L1,Employee Referral,2019-12-26,2020-01-28,Offered,No,
REQ0240,CAND01710,Engineering,L1,Employee Referral,2019-12-07,2020-01-19,Offered,No,
REQ0240,CAND01711,Engineering,L1,Recruitment Agency,2019-12-23,,Applied,No,
REQ0241,CAND01712,Engineering,L3,Employee Referral,2025-11-11,2025-12-31,Joined,Yes,EMP0241
REQ0241,CAND01713,Engineering,L3,Naukri,2025-11-04,,Interviewed,No,
REQ0241,CAND01714,Engineering,L3,Employee Referral,2025-11-18,,Interviewed,No,
REQ0241,CAND01715,Engineering,L3,LinkedIn,2025-11-01,,Screened,No,
REQ0241,CAND01716,Engineering,L3,Employee Referral,2025-11-28,,Interviewed,No,
REQ0241,CAND01717,Engineering,L3,LinkedIn,2025-11-01,,Screened,No,
REQ0241,CAND01718,Engineering,L3,Careers Site,2025-11-10,,Screened,No,
REQ0241,CAND01719,Engineering,L3,Naukri,2025-10-29,,Screened,No,
REQ0241,CAND01720,Engineering,L3,LinkedIn,2025-11-28,,Screened,No,
REQ0242,CAND01721,Engineering,L2,Naukri,2020-01-03,2020-03-19,Joined,Yes,EMP0242
REQ0242,CAND01722,Engineering,L2,Recruitment Agency,2019-12-28,,Screened,No,
REQ0242,CAND01723,Engineering,L2,Employee Referral,2020-01-02,2020-02-13,Offered,No,
REQ0242,CAND01724,Engineering,L2,Naukri,2020-01-07,,Applied,No,
REQ0242,CAND01725,Engineering,L2,Careers Site,2020-01-09,,Screened,No,
REQ0242,CAND01726,Engineering,L2,Careers Site,2019-12-30,,Interviewed,No,
REQ0242,CAND01727,Engineering,L2,Naukri,2020-01-16,,Screened,No,
REQ0242,CAND01728,Engineering,L2,Campus,2020-01-09,,Applied,No,
REQ0243,CAND01729,Customer Success,L3,Recruitment Agency,2026-01-24,2026-03-28,Joined,Yes,EMP0243
REQ0243,CAND01730,Customer Success,L3,LinkedIn,2026-01-12,,Screened,No,
REQ0243,CAND01731,Customer Success,L3,LinkedIn,2026-02-09,,Applied,No,
REQ0243,CAND01732,Customer Success,L3,Naukri,2026-01-15,,Applied,No,
REQ0243,CAND01733,Customer Success,L3,Naukri,2026-01-23,,Screened,No,
REQ0244,CAND01734,Operations,L1,LinkedIn,2024-07-27,2024-10-03,Joined,Yes,EMP0244
REQ0244,CAND01735,Operations,L1,LinkedIn,2024-07-14,,Interviewed,No,
REQ0244,CAND01736,Operations,L1,Employee Referral,2024-08-07,,Screened,No,
REQ0244,CAND01737,Operations,L1,Employee Referral,2024-07-15,,Interviewed,No,
REQ0244,CAND01738,Operations,L1,Campus,2024-07-17,,Applied,No,
REQ0244,CAND01739,Operations,L1,Careers Site,2024-08-05,,Applied,No,
REQ0245,CAND01740,Operations,L5,LinkedIn,2023-10-05,2023-11-04,Joined,Yes,EMP0245
REQ0245,CAND01741,Operations,L5,LinkedIn,2023-10-16,,Screened,No,
REQ0245,CAND01742,Operations,L5,Naukri,2023-10-07,,Applied,No,
REQ0245,CAND01743,Operations,L5,Naukri,2023-10-17,,Applied,No,
REQ0246,CAND01744,Operations,L3,Employee Referral,2024-01-04,2024-02-08,Joined,Yes,EMP0246
REQ0246,CAND01745,Operations,L3,LinkedIn,2024-01-13,,Applied,No,
REQ0246,CAND01746,Operations,L3,Careers Site,2024-01-12,,Applied,No,
REQ0246,CAND01747,Operations,L3,Naukri,2023-12-31,,Interviewed,No,
REQ0246,CAND01748,Operations,L3,LinkedIn,2024-01-03,,Screened,No,
REQ0246,CAND01749,Operations,L3,Employee Referral,2024-01-16,,Screened,No,
REQ0246,CAND01750,Operations,L3,Naukri,2024-01-14,,Screened,No,
REQ0247,CAND01751,Engineering,L3,LinkedIn,2019-10-23,2019-12-30,Joined,Yes,EMP0247
REQ0247,CAND01752,Engineering,L3,Employee Referral,2019-10-31,2019-12-12,Offered,No,
REQ0247,CAND01753,Engineering,L3,Campus,2019-10-21,2019-11-27,Offered,No,
REQ0247,CAND01754,Engineering,L3,LinkedIn,2019-10-09,,Applied,No,
REQ0247,CAND01755,Engineering,L3,LinkedIn,2019-10-12,,Applied,No,
REQ0247,CAND01756,Engineering,L3,Employee Referral,2019-10-31,2019-11-27,Offered,No,
REQ0247,CAND01757,Engineering,L3,LinkedIn,2019-10-24,,Applied,No,
REQ0248,CAND01758,Marketing,L4,Employee Referral,2019-05-30,2019-07-02,Joined,Yes,EMP0248
REQ0248,CAND01759,Marketing,L4,Campus,2019-05-19,,Screened,No,
REQ0248,CAND01760,Marketing,L4,LinkedIn,2019-06-13,,Screened,No,
REQ0248,CAND01761,Marketing,L4,Campus,2019-06-11,,Screened,No,
REQ0248,CAND01762,Marketing,L4,Naukri,2019-06-15,,Screened,No,
REQ0248,CAND01763,Marketing,L4,Naukri,2019-06-06,,Applied,No,
REQ0248,CAND01764,Marketing,L4,Careers Site,2019-06-05,,Applied,No,
REQ0248,CAND01765,Marketing,L4,LinkedIn,2019-06-01,,Screened,No,
REQ0249,CAND01766,Product,L4,Careers Site,2020-02-19,2020-05-25,Joined,Yes,EMP0249
REQ0249,CAND01767,Product,L4,LinkedIn,2020-03-06,,Applied,No,
REQ0249,CAND01768,Product,L4,Recruitment Agency,2020-02-25,,Applied,No,
REQ0249,CAND01769,Product,L4,Employee Referral,2020-02-17,2020-03-15,Offered,No,
REQ0250,CAND01770,Engineering,L2,LinkedIn,2023-08-04,2023-09-21,Joined,Yes,EMP0250
REQ0250,CAND01771,Engineering,L2,Naukri,2023-08-18,,Screened,No,
REQ0250,CAND01772,Engineering,L2,Naukri,2023-08-21,,Applied,No,
REQ0250,CAND01773,Engineering,L2,LinkedIn,2023-08-12,,Interviewed,No,
REQ0250,CAND01774,Engineering,L2,Campus,2023-07-24,,Screened,No,
REQ0250,CAND01775,Engineering,L2,Employee Referral,2023-08-23,2023-09-19,Offered,No,
REQ0250,CAND01776,Engineering,L2,Employee Referral,2023-07-21,2023-08-19,Offered,No,
REQ0250,CAND01777,Engineering,L2,Employee Referral,2023-08-25,2023-09-29,Offered,No,
REQ0251,CAND01778,Engineering,L1,LinkedIn,2022-03-18,2022-04-06,Joined,Yes,EMP0251
REQ0251,CAND01779,Engineering,L1,LinkedIn,2022-03-20,2022-05-04,Offered,No,
REQ0251,CAND01780,Engineering,L1,LinkedIn,2022-03-23,,Interviewed,No,
REQ0251,CAND01781,Engineering,L1,Naukri,2022-03-26,,Applied,No,
REQ0251,CAND01782,Engineering,L1,Careers Site,2022-03-11,2022-04-10,Offered,No,
REQ0252,CAND01783,Engineering,L2,Naukri,2025-04-30,2025-06-08,Joined,Yes,EMP0252
REQ0252,CAND01784,Engineering,L2,Campus,2025-05-08,,Applied,No,
REQ0252,CAND01785,Engineering,L2,Employee Referral,2025-05-09,2025-06-12,Offered,No,
REQ0252,CAND01786,Engineering,L2,Naukri,2025-04-23,,Applied,No,
REQ0252,CAND01787,Engineering,L2,LinkedIn,2025-05-17,,Applied,No,
REQ0253,CAND01788,Engineering,L4,Employee Referral,2022-12-03,2022-12-14,Joined,Yes,EMP0253
REQ0253,CAND01789,Engineering,L4,Careers Site,2022-11-20,,Interviewed,No,
REQ0253,CAND01790,Engineering,L4,Employee Referral,2022-12-24,,Screened,No,
REQ0253,CAND01791,Engineering,L4,Employee Referral,2022-12-15,2023-01-21,Offered,No,
REQ0253,CAND01792,Engineering,L4,Recruitment Agency,2022-12-13,,Applied,No,
REQ0253,CAND01793,Engineering,L4,Employee Referral,2022-11-23,2022-12-24,Offered,No,
REQ0253,CAND01794,Engineering,L4,Employee Referral,2022-12-19,,Screened,No,
REQ0253,CAND01795,Engineering,L4,LinkedIn,2022-11-22,2023-01-05,Offered,No,
REQ0253,CAND01796,Engineering,L4,Careers Site,2022-11-24,,Screened,No,
REQ0253,CAND01797,Engineering,L4,Campus,2022-12-16,,Screened,No,
REQ0254,CAND01798,Sales,L4,LinkedIn,2022-03-28,2022-04-18,Joined,Yes,EMP0254
REQ0254,CAND01799,Sales,L4,Naukri,2022-04-05,,Applied,No,
REQ0254,CAND01800,Sales,L4,Employee Referral,2022-03-31,,Interviewed,No,
REQ0254,CAND01801,Sales,L4,Employee Referral,2022-04-18,2022-05-18,Offered,No,
REQ0254,CAND01802,Sales,L4,Employee Referral,2022-04-18,,Screened,No,
REQ0254,CAND01803,Sales,L4,Naukri,2022-03-17,,Interviewed,No,
REQ0254,CAND01804,Sales,L4,Naukri,2022-03-21,,Applied,No,
REQ0255,CAND01805,Customer Success,L5,Careers Site,2023-12-07,2024-01-05,Joined,Yes,EMP0255
REQ0255,CAND01806,Customer Success,L5,Naukri,2023-11-26,,Applied,No,
REQ0255,CAND01807,Customer Success,L5,LinkedIn,2023-12-19,,Screened,No,
REQ0255,CAND01808,Customer Success,L5,Careers Site,2023-12-28,,Applied,No,
REQ0256,CAND01809,Operations,L3,Employee Referral,2022-11-29,2023-03-02,Joined,Yes,EMP0256
REQ0256,CAND01810,Operations,L3,LinkedIn,2022-12-17,,Screened,No,
REQ0256,CAND01811,Operations,L3,LinkedIn,2022-12-03,2023-01-04,Offered,No,
REQ0256,CAND01812,Operations,L3,Careers Site,2022-11-27,,Screened,No,
REQ0256,CAND01813,Operations,L3,LinkedIn,2022-11-29,,Applied,No,
REQ0256,CAND01814,Operations,L3,Naukri,2022-12-10,,Screened,No,
REQ0256,CAND01815,Operations,L3,LinkedIn,2022-12-15,,Screened,No,
REQ0256,CAND01816,Operations,L3,Campus,2022-11-15,,Applied,No,
REQ0256,CAND01817,Operations,L3,Employee Referral,2022-11-25,2022-12-21,Offered,No,
REQ0257,CAND01818,Engineering,L2,Employee Referral,2023-12-01,2024-02-25,Joined,Yes,EMP0257
REQ0257,CAND01819,Engineering,L2,Careers Site,2023-12-02,,Screened,No,
REQ0257,CAND01820,Engineering,L2,Recruitment Agency,2023-12-07,,Screened,No,
REQ0257,CAND01821,Engineering,L2,Naukri,2023-12-04,,Screened,No,
REQ0258,CAND01822,Engineering,L3,Recruitment Agency,2023-09-16,2023-11-20,Joined,Yes,EMP0258
REQ0258,CAND01823,Engineering,L3,Employee Referral,2023-09-28,2023-10-18,Offered,No,
REQ0258,CAND01824,Engineering,L3,LinkedIn,2023-09-07,,Applied,No,
REQ0258,CAND01825,Engineering,L3,Recruitment Agency,2023-09-29,,Applied,No,
REQ0258,CAND01826,Engineering,L3,LinkedIn,2023-09-23,,Screened,No,
REQ0258,CAND01827,Engineering,L3,Naukri,2023-09-15,,Applied,No,
REQ0258,CAND01828,Engineering,L3,LinkedIn,2023-09-26,,Screened,No,
REQ0258,CAND01829,Engineering,L3,LinkedIn,2023-09-10,,Applied,No,
REQ0258,CAND01830,Engineering,L3,LinkedIn,2023-09-30,,Screened,No,
REQ0258,CAND01831,Engineering,L3,Employee Referral,2023-09-05,,Interviewed,No,
REQ0259,CAND01832,Customer Success,L3,Careers Site,2023-01-11,2023-04-03,Joined,Yes,EMP0259
REQ0259,CAND01833,Customer Success,L3,Recruitment Agency,2023-01-31,,Screened,No,
REQ0259,CAND01834,Customer Success,L3,LinkedIn,2023-01-01,2023-02-15,Offered,No,
REQ0259,CAND01835,Customer Success,L3,Employee Referral,2023-01-09,2023-02-19,Offered,No,
REQ0259,CAND01836,Customer Success,L3,Recruitment Agency,2023-01-09,,Applied,No,
REQ0259,CAND01837,Customer Success,L3,Naukri,2023-02-01,,Screened,No,
REQ0260,CAND01838,Product,L3,Employee Referral,2026-02-10,2026-03-21,Joined,Yes,EMP0260
REQ0260,CAND01839,Product,L3,LinkedIn,2026-02-15,2026-03-27,Offered,No,
REQ0260,CAND01840,Product,L3,Employee Referral,2026-02-13,,Screened,No,
REQ0260,CAND01841,Product,L3,Naukri,2026-02-28,,Screened,No,
REQ0261,CAND01842,Engineering,L3,LinkedIn,2026-01-18,2026-03-13,Joined,Yes,EMP0261
REQ0261,CAND01843,Engineering,L3,Employee Referral,2026-01-06,,Interviewed,No,
REQ0261,CAND01844,Engineering,L3,Campus,2026-02-02,,Applied,No,
REQ0261,CAND01845,Engineering,L3,Careers Site,2026-01-29,,Screened,No,
REQ0261,CAND01846,Engineering,L3,Recruitment Agency,2026-01-24,,Interviewed,No,
REQ0262,CAND01847,Product,L6,Employee Referral,2025-06-22,2025-09-10,Joined,Yes,EMP0262
REQ0262,CAND01848,Product,L6,LinkedIn,2025-07-07,,Applied,No,
REQ0262,CAND01849,Product,L6,LinkedIn,2025-06-08,,Applied,No,
REQ0262,CAND01850,Product,L6,LinkedIn,2025-06-08,,Interviewed,No,
REQ0262,CAND01851,Product,L6,Campus,2025-06-22,,Applied,No,
REQ0262,CAND01852,Product,L6,Naukri,2025-07-10,,Screened,No,
REQ0262,CAND01853,Product,L6,Careers Site,2025-06-14,,Screened,No,
REQ0262,CAND01854,Product,L6,LinkedIn,2025-06-19,,Interviewed,No,
REQ0262,CAND01855,Product,L6,LinkedIn,2025-06-08,,Applied,No,
REQ0263,CAND01856,Finance,L3,LinkedIn,2021-10-14,2021-11-30,Joined,Yes,EMP0263
REQ0263,CAND01857,Finance,L3,Employee Referral,2021-10-16,,Screened,No,
REQ0263,CAND01858,Finance,L3,Employee Referral,2021-10-09,,Screened,No,
REQ0263,CAND01859,Finance,L3,Careers Site,2021-10-18,,Screened,No,
REQ0263,CAND01860,Finance,L3,LinkedIn,2021-10-05,,Applied,No,
REQ0263,CAND01861,Finance,L3,Naukri,2021-10-18,,Applied,No,
REQ0264,CAND01862,Marketing,L6,Employee Referral,2019-10-26,2019-11-07,Joined,Yes,EMP0264
REQ0264,CAND01863,Marketing,L6,Naukri,2019-10-26,,Screened,No,
REQ0264,CAND01864,Marketing,L6,Campus,2019-11-05,,Applied,No,
REQ0264,CAND01865,Marketing,L6,Naukri,2019-10-21,,Applied,No,
REQ0265,CAND01866,Engineering,L4,LinkedIn,2024-02-10,2024-03-10,Joined,Yes,EMP0265
REQ0265,CAND01867,Engineering,L4,Naukri,2024-02-09,,Applied,No,
REQ0265,CAND01868,Engineering,L4,Naukri,2024-02-24,,Interviewed,No,
REQ0265,CAND01869,Engineering,L4,Recruitment Agency,2024-01-28,,Applied,No,
REQ0265,CAND01870,Engineering,L4,LinkedIn,2024-02-13,2024-03-05,Offered,No,
REQ0265,CAND01871,Engineering,L4,Recruitment Agency,2024-02-21,,Screened,No,
REQ0265,CAND01872,Engineering,L4,Campus,2024-03-01,,Applied,No,
REQ0265,CAND01873,Engineering,L4,Careers Site,2024-02-14,,Applied,No,
REQ0266,CAND01874,Product,L4,Recruitment Agency,2024-12-30,2025-01-15,Joined,Yes,EMP0266
REQ0266,CAND01875,Product,L4,Naukri,2025-01-01,,Applied,No,
REQ0266,CAND01876,Product,L4,Naukri,2025-01-16,,Applied,No,
REQ0266,CAND01877,Product,L4,Campus,2025-01-16,,Screened,No,
REQ0266,CAND01878,Product,L4,LinkedIn,2024-12-20,2025-01-18,Offered,No,
REQ0266,CAND01879,Product,L4,Naukri,2024-12-31,,Screened,No,
REQ0266,CAND01880,Product,L4,LinkedIn,2025-01-03,,Screened,No,
REQ0266,CAND01881,Product,L4,Employee Referral,2024-12-25,2025-01-29,Offered,No,
REQ0266,CAND01882,Product,L4,Careers Site,2024-12-29,,Screened,No,
REQ0267,CAND01883,Customer Success,L1,Careers Site,2023-07-13,2023-08-30,Joined,Yes,EMP0267
REQ0267,CAND01884,Customer Success,L1,Naukri,2023-07-04,,Interviewed,No,
REQ0267,CAND01885,Customer Success,L1,Recruitment Agency,2023-08-02,,Applied,No,
REQ0267,CAND01886,Customer Success,L1,Recruitment Agency,2023-07-26,,Interviewed,No,
REQ0267,CAND01887,Customer Success,L1,Employee Referral,2023-07-19,,Applied,No,
REQ0267,CAND01888,Customer Success,L1,Employee Referral,2023-07-21,,Screened,No,
REQ0267,CAND01889,Customer Success,L1,LinkedIn,2023-07-27,,Applied,No,
REQ0267,CAND01890,Customer Success,L1,Employee Referral,2023-07-22,,Screened,No,
REQ0268,CAND01891,Operations,L5,Naukri,2019-11-28,2020-02-07,Joined,Yes,EMP0268
REQ0268,CAND01892,Operations,L5,LinkedIn,2019-12-11,,Screened,No,
REQ0268,CAND01893,Operations,L5,Campus,2019-11-14,,Screened,No,
REQ0268,CAND01894,Operations,L5,Employee Referral,2019-11-22,2019-12-22,Offered,No,
REQ0268,CAND01895,Operations,L5,Employee Referral,2019-11-23,2020-01-06,Offered,No,
REQ0268,CAND01896,Operations,L5,Campus,2019-11-20,,Applied,No,
REQ0268,CAND01897,Operations,L5,Careers Site,2019-12-12,,Applied,No,
REQ0268,CAND01898,Operations,L5,Careers Site,2019-12-02,2020-01-05,Offered,No,
REQ0268,CAND01899,Operations,L5,Employee Referral,2019-11-19,,Screened,No,
REQ0269,CAND01900,Sales,L2,Naukri,2022-04-17,2022-05-10,Joined,Yes,EMP0269
REQ0269,CAND01901,Sales,L2,Naukri,2022-04-30,,Applied,No,
REQ0269,CAND01902,Sales,L2,Naukri,2022-04-28,,Screened,No,
REQ0269,CAND01903,Sales,L2,LinkedIn,2022-04-15,,Interviewed,No,
REQ0269,CAND01904,Sales,L2,Naukri,2022-04-24,,Applied,No,
REQ0270,CAND01905,Sales,L2,Employee Referral,2022-04-28,2022-05-28,Joined,Yes,EMP0270
REQ0270,CAND01906,Sales,L2,LinkedIn,2022-05-02,,Applied,No,
REQ0270,CAND01907,Sales,L2,LinkedIn,2022-05-18,,Applied,No,
REQ0270,CAND01908,Sales,L2,Naukri,2022-05-16,,Screened,No,
REQ0270,CAND01909,Sales,L2,LinkedIn,2022-05-15,,Screened,No,
REQ0270,CAND01910,Sales,L2,Employee Referral,2022-04-27,,Applied,No,
REQ0270,CAND01911,Sales,L2,Employee Referral,2022-05-16,,Applied,No,
REQ0270,CAND01912,Sales,L2,Campus,2022-04-23,,Applied,No,
REQ0271,CAND01913,Sales,L4,Naukri,2025-02-23,2025-05-06,Joined,Yes,EMP0271
REQ0271,CAND01914,Sales,L4,Employee Referral,2025-03-16,,Interviewed,No,
REQ0271,CAND01915,Sales,L4,Campus,2025-03-02,,Interviewed,No,
REQ0271,CAND01916,Sales,L4,Naukri,2025-02-17,,Screened,No,
REQ0271,CAND01917,Sales,L4,Employee Referral,2025-03-02,,Interviewed,No,
REQ0271,CAND01918,Sales,L4,Employee Referral,2025-02-20,,Screened,No,
REQ0272,CAND01919,Sales,L2,Naukri,2022-02-17,2022-04-01,Joined,Yes,EMP0272
REQ0272,CAND01920,Sales,L2,Naukri,2022-02-15,,Screened,No,
REQ0272,CAND01921,Sales,L2,Campus,2022-03-06,,Applied,No,
REQ0272,CAND01922,Sales,L2,Careers Site,2022-02-08,,Screened,No,
REQ0273,CAND01923,Engineering,L2,Careers Site,2019-07-02,2019-09-26,Joined,Yes,EMP0273
REQ0273,CAND01924,Engineering,L2,Employee Referral,2019-07-12,2019-08-07,Offered,No,
REQ0273,CAND01925,Engineering,L2,LinkedIn,2019-06-21,2019-08-05,Offered,No,
REQ0273,CAND01926,Engineering,L2,Naukri,2019-07-08,,Applied,No,
REQ0273,CAND01927,Engineering,L2,Careers Site,2019-06-29,,Applied,No,
REQ0273,CAND01928,Engineering,L2,Employee Referral,2019-07-17,2019-08-07,Offered,No,
REQ0274,CAND01929,Sales,L4,Recruitment Agency,2025-06-22,2025-07-07,Joined,Yes,EMP0274
REQ0274,CAND01930,Sales,L4,Careers Site,2025-06-20,,Screened,No,
REQ0274,CAND01931,Sales,L4,LinkedIn,2025-06-15,2025-07-10,Offered,No,
REQ0274,CAND01932,Sales,L4,LinkedIn,2025-07-09,,Screened,No,
REQ0274,CAND01933,Sales,L4,Employee Referral,2025-06-26,2025-08-02,Offered,No,
REQ0274,CAND01934,Sales,L4,Naukri,2025-06-24,,Screened,No,
REQ0274,CAND01935,Sales,L4,Careers Site,2025-07-07,,Interviewed,No,
REQ0275,CAND01936,Customer Success,L5,Employee Referral,2023-10-20,2023-12-26,Joined,Yes,EMP0275
REQ0275,CAND01937,Customer Success,L5,Employee Referral,2023-10-15,,Screened,No,
REQ0275,CAND01938,Customer Success,L5,Employee Referral,2023-10-11,,Interviewed,No,
REQ0275,CAND01939,Customer Success,L5,Naukri,2023-10-08,,Applied,No,
REQ0275,CAND01940,Customer Success,L5,LinkedIn,2023-11-03,,Interviewed,No,
REQ0276,CAND01941,Customer Success,L4,Employee Referral,2024-04-20,2024-04-30,Joined,Yes,EMP0276
REQ0276,CAND01942,Customer Success,L4,Employee Referral,2024-04-11,2024-05-13,Offered,No,
REQ0276,CAND01943,Customer Success,L4,Employee Referral,2024-04-24,2024-05-22,Offered,No,
REQ0276,CAND01944,Customer Success,L4,Naukri,2024-05-09,,Interviewed,No,
REQ0276,CAND01945,Customer Success,L4,Employee Referral,2024-05-03,,Screened,No,
REQ0276,CAND01946,Customer Success,L4,Campus,2024-04-16,,Screened,No,
REQ0276,CAND01947,Customer Success,L4,Naukri,2024-04-15,,Screened,No,
REQ0276,CAND01948,Customer Success,L4,Careers Site,2024-04-19,,Applied,No,
REQ0277,CAND01949,Sales,L5,LinkedIn,2025-04-10,2025-06-15,Joined,Yes,EMP0277
REQ0277,CAND01950,Sales,L5,Naukri,2025-05-01,,Screened,No,
REQ0277,CAND01951,Sales,L5,LinkedIn,2025-03-27,,Applied,No,
REQ0277,CAND01952,Sales,L5,Naukri,2025-04-11,,Screened,No,
REQ0277,CAND01953,Sales,L5,Naukri,2025-04-13,,Interviewed,No,
REQ0277,CAND01954,Sales,L5,Naukri,2025-04-05,,Interviewed,No,
REQ0277,CAND01955,Sales,L5,Recruitment Agency,2025-04-04,,Applied,No,
REQ0277,CAND01956,Sales,L5,Campus,2025-04-20,,Applied,No,
REQ0277,CAND01957,Sales,L5,Employee Referral,2025-04-02,,Screened,No,
REQ0277,CAND01958,Sales,L5,Employee Referral,2025-04-15,2025-05-26,Offered,No,
REQ0278,CAND01959,Finance,L3,Campus,2025-10-22,2025-12-01,Joined,Yes,EMP0278
REQ0278,CAND01960,Finance,L3,LinkedIn,2025-10-27,2025-11-23,Offered,No,
REQ0278,CAND01961,Finance,L3,LinkedIn,2025-10-20,,Screened,No,
REQ0278,CAND01962,Finance,L3,Employee Referral,2025-10-17,,Applied,No,
REQ0278,CAND01963,Finance,L3,LinkedIn,2025-10-18,,Applied,No,
REQ0279,CAND01964,Sales,L1,Campus,2024-01-06,2024-04-04,Joined,Yes,EMP0279
REQ0279,CAND01965,Sales,L1,Recruitment Agency,2024-01-23,,Applied,No,
REQ0279,CAND01966,Sales,L1,LinkedIn,2024-01-06,,Screened,No,
REQ0279,CAND01967,Sales,L1,Employee Referral,2024-01-13,,Screened,No,
REQ0279,CAND01968,Sales,L1,Employee Referral,2023-12-25,2024-01-25,Offered,No,
REQ0279,CAND01969,Sales,L1,LinkedIn,2024-01-04,,Applied,No,
REQ0279,CAND01970,Sales,L1,Recruitment Agency,2024-01-12,,Applied,No,
REQ0280,CAND01971,Engineering,L3,LinkedIn,2021-06-26,2021-08-17,Joined,Yes,EMP0280
REQ0280,CAND01972,Engineering,L3,LinkedIn,2021-07-11,,Screened,No,
REQ0280,CAND01973,Engineering,L3,Campus,2021-07-17,,Applied,No,
REQ0280,CAND01974,Engineering,L3,Careers Site,2021-06-30,2021-07-21,Offered,No,
REQ0280,CAND01975,Engineering,L3,Campus,2021-07-01,,Interviewed,No,
REQ0280,CAND01976,Engineering,L3,Recruitment Agency,2021-06-18,,Screened,No,
REQ0280,CAND01977,Engineering,L3,Naukri,2021-06-29,,Screened,No,
REQ0280,CAND01978,Engineering,L3,Campus,2021-06-23,,Interviewed,No,
REQ0280,CAND01979,Engineering,L3,Recruitment Agency,2021-07-06,,Applied,No,
REQ0281,CAND01980,Human Resources,L1,Naukri,2019-12-29,2020-02-04,Joined,Yes,EMP0281
REQ0281,CAND01981,Human Resources,L1,Careers Site,2020-01-08,,Screened,No,
REQ0281,CAND01982,Human Resources,L1,Campus,2019-12-19,,Screened,No,
REQ0281,CAND01983,Human Resources,L1,Naukri,2020-01-18,,Applied,No,
REQ0282,CAND01984,Operations,L3,Employee Referral,2025-05-27,2025-07-31,Joined,Yes,EMP0282
REQ0282,CAND01985,Operations,L3,LinkedIn,2025-05-21,,Applied,No,
REQ0282,CAND01986,Operations,L3,Naukri,2025-05-23,,Interviewed,No,
REQ0282,CAND01987,Operations,L3,Naukri,2025-06-09,,Interviewed,No,
REQ0282,CAND01988,Operations,L3,Employee Referral,2025-06-14,,Screened,No,
REQ0282,CAND01989,Operations,L3,Naukri,2025-06-15,,Applied,No,
REQ0282,CAND01990,Operations,L3,Recruitment Agency,2025-05-27,,Screened,No,
REQ0282,CAND01991,Operations,L3,LinkedIn,2025-06-08,,Applied,No,
REQ0282,CAND01992,Operations,L3,Careers Site,2025-05-28,,Applied,No,
REQ0283,CAND01993,Customer Success,L2,Naukri,2024-09-26,2024-10-07,Joined,Yes,EMP0283
REQ0283,CAND01994,Customer Success,L2,Naukri,2024-09-21,,Applied,No,
REQ0283,CAND01995,Customer Success,L2,LinkedIn,2024-09-18,,Applied,No,
REQ0283,CAND01996,Customer Success,L2,Employee Referral,2024-10-02,,Interviewed,No,
REQ0283,CAND01997,Customer Success,L2,LinkedIn,2024-10-10,,Applied,No,
REQ0283,CAND01998,Customer Success,L2,Employee Referral,2024-10-15,2024-11-05,Offered,No,
REQ0283,CAND01999,Customer Success,L2,Recruitment Agency,2024-10-11,,Applied,No,
REQ0283,CAND02000,Customer Success,L2,Recruitment Agency,2024-10-17,,Applied,No,
REQ0283,CAND02001,Customer Success,L2,Careers Site,2024-10-14,2024-11-12,Offered,No,
REQ0283,CAND02002,Customer Success,L2,Recruitment Agency,2024-09-12,,Screened,No,
REQ0284,CAND02003,Marketing,L1,Employee Referral,2019-01-18,2019-04-01,Joined,Yes,EMP0284
REQ0284,CAND02004,Marketing,L1,LinkedIn,2019-01-23,,Screened,No,
REQ0284,CAND02005,Marketing,L1,Recruitment Agency,2019-01-06,,Applied,No,
REQ0284,CAND02006,Marketing,L1,Campus,2019-01-27,,Screened,No,
REQ0284,CAND02007,Marketing,L1,Naukri,2019-01-19,,Interviewed,No,
REQ0284,CAND02008,Marketing,L1,LinkedIn,2019-01-27,,Applied,No,
REQ0284,CAND02009,Marketing,L1,Naukri,2019-01-12,,Applied,No,
REQ0284,CAND02010,Marketing,L1,Naukri,2019-01-07,,Interviewed,No,
REQ0285,CAND02011,Sales,L6,LinkedIn,2026-03-06,2026-04-07,Joined,Yes,EMP0285
REQ0285,CAND02012,Sales,L6,Naukri,2026-03-01,,Applied,No,
REQ0285,CAND02013,Sales,L6,LinkedIn,2026-02-28,,Applied,No,
REQ0285,CAND02014,Sales,L6,Naukri,2026-02-25,,Applied,No,
REQ0285,CAND02015,Sales,L6,LinkedIn,2026-03-07,,Applied,No,
REQ0285,CAND02016,Sales,L6,Employee Referral,2026-03-07,,Applied,No,
REQ0285,CAND02017,Sales,L6,Campus,2026-03-02,,Interviewed,No,
REQ0285,CAND02018,Sales,L6,Recruitment Agency,2026-03-24,,Screened,No,
REQ0285,CAND02019,Sales,L6,Employee Referral,2026-03-27,2026-04-23,Offered,No,
REQ0286,CAND02020,Engineering,L1,Recruitment Agency,2019-04-19,2019-07-03,Joined,Yes,EMP0286
REQ0286,CAND02021,Engineering,L1,Employee Referral,2019-04-21,,Interviewed,No,
REQ0286,CAND02022,Engineering,L1,Employee Referral,2019-05-01,,Screened,No,
REQ0286,CAND02023,Engineering,L1,LinkedIn,2019-05-01,,Applied,No,
REQ0287,CAND02024,Operations,L2,Naukri,2020-01-07,2020-02-18,Joined,Yes,EMP0287
REQ0287,CAND02025,Operations,L2,Employee Referral,2019-12-24,,Screened,No,
REQ0287,CAND02026,Operations,L2,Careers Site,2020-01-26,,Screened,No,
REQ0287,CAND02027,Operations,L2,Employee Referral,2019-12-31,2020-01-21,Offered,No,
REQ0288,CAND02028,Sales,L2,LinkedIn,2025-02-10,2025-03-02,Joined,Yes,EMP0288
REQ0288,CAND02029,Sales,L2,Recruitment Agency,2025-01-30,,Screened,No,
REQ0288,CAND02030,Sales,L2,Campus,2025-02-04,,Screened,No,
REQ0288,CAND02031,Sales,L2,LinkedIn,2025-02-25,,Applied,No,
REQ0288,CAND02032,Sales,L2,Recruitment Agency,2025-02-28,,Applied,No,
REQ0288,CAND02033,Sales,L2,Naukri,2025-02-02,,Applied,No,
REQ0288,CAND02034,Sales,L2,Employee Referral,2025-02-15,,Interviewed,No,
REQ0289,CAND02035,Sales,L2,LinkedIn,2019-07-27,2019-10-28,Joined,Yes,EMP0289
REQ0289,CAND02036,Sales,L2,Campus,2019-07-29,,Applied,No,
REQ0289,CAND02037,Sales,L2,Naukri,2019-07-15,,Screened,No,
REQ0289,CAND02038,Sales,L2,Recruitment Agency,2019-07-23,,Applied,No,
REQ0289,CAND02039,Sales,L2,Careers Site,2019-08-17,,Screened,No,
REQ0290,CAND02040,Sales,L1,Recruitment Agency,2021-11-18,2021-11-22,Joined,Yes,EMP0290
REQ0290,CAND02041,Sales,L1,Recruitment Agency,2021-12-07,,Applied,No,
REQ0290,CAND02042,Sales,L1,Employee Referral,2021-12-07,2022-01-18,Offered,No,
REQ0290,CAND02043,Sales,L1,LinkedIn,2021-11-18,2021-12-16,Offered,No,
REQ0290,CAND02044,Sales,L1,Naukri,2021-11-27,,Applied,No,
REQ0290,CAND02045,Sales,L1,Naukri,2021-12-04,,Applied,No,
REQ0290,CAND02046,Sales,L1,LinkedIn,2021-11-26,,Interviewed,No,
REQ0291,CAND02047,Sales,L4,Employee Referral,2023-05-14,2023-07-26,Joined,Yes,EMP0291
REQ0291,CAND02048,Sales,L4,Recruitment Agency,2023-06-04,,Applied,No,
REQ0291,CAND02049,Sales,L4,Naukri,2023-05-13,,Applied,No,
REQ0291,CAND02050,Sales,L4,Careers Site,2023-06-04,,Interviewed,No,
REQ0291,CAND02051,Sales,L4,Naukri,2023-05-16,,Screened,No,
REQ0291,CAND02052,Sales,L4,Recruitment Agency,2023-05-02,,Applied,No,
REQ0292,CAND02053,Marketing,L1,Naukri,2025-07-09,2025-08-22,Joined,Yes,EMP0292
REQ0292,CAND02054,Marketing,L1,Recruitment Agency,2025-07-06,,Applied,No,
REQ0292,CAND02055,Marketing,L1,Recruitment Agency,2025-06-29,,Screened,No,
REQ0292,CAND02056,Marketing,L1,Recruitment Agency,2025-07-05,,Interviewed,No,
REQ0292,CAND02057,Marketing,L1,Naukri,2025-07-28,,Screened,No,
REQ0292,CAND02058,Marketing,L1,LinkedIn,2025-07-28,,Applied,No,
REQ0292,CAND02059,Marketing,L1,Recruitment Agency,2025-07-19,,Applied,No,
REQ0292,CAND02060,Marketing,L1,Employee Referral,2025-06-30,,Screened,No,
REQ0292,CAND02061,Marketing,L1,Employee Referral,2025-07-01,,Screened,No,
REQ0292,CAND02062,Marketing,L1,Naukri,2025-07-27,,Applied,No,
REQ0293,CAND02063,Engineering,L3,Employee Referral,2021-06-02,2021-06-19,Joined,Yes,EMP0293
REQ0293,CAND02064,Engineering,L3,Employee Referral,2021-06-12,,Screened,No,
REQ0293,CAND02065,Engineering,L3,LinkedIn,2021-06-16,,Applied,No,
REQ0293,CAND02066,Engineering,L3,Naukri,2021-06-08,,Screened,No,
REQ0293,CAND02067,Engineering,L3,LinkedIn,2021-05-25,2021-06-24,Offered,No,
REQ0294,CAND02068,Sales,L1,Careers Site,2023-03-17,2023-03-31,Joined,Yes,EMP0294
REQ0294,CAND02069,Sales,L1,Employee Referral,2023-04-04,,Screened,No,
REQ0294,CAND02070,Sales,L1,Employee Referral,2023-04-06,2023-04-28,Offered,No,
REQ0294,CAND02071,Sales,L1,Naukri,2023-03-15,,Screened,No,
REQ0294,CAND02072,Sales,L1,Careers Site,2023-03-17,,Screened,No,
REQ0294,CAND02073,Sales,L1,LinkedIn,2023-03-25,,Screened,No,
REQ0294,CAND02074,Sales,L1,Naukri,2023-03-29,,Applied,No,
REQ0295,CAND02075,Engineering,L2,Careers Site,2019-08-19,2019-10-15,Joined,Yes,EMP0295
REQ0295,CAND02076,Engineering,L2,Employee Referral,2019-09-01,,Interviewed,No,
REQ0295,CAND02077,Engineering,L2,Employee Referral,2019-08-27,,Interviewed,No,
REQ0295,CAND02078,Engineering,L2,Employee Referral,2019-08-09,,Interviewed,No,
REQ0295,CAND02079,Engineering,L2,Careers Site,2019-09-08,,Applied,No,
REQ0295,CAND02080,Engineering,L2,Employee Referral,2019-08-27,,Interviewed,No,
REQ0295,CAND02081,Engineering,L2,Employee Referral,2019-08-21,2019-09-26,Offered,No,
REQ0295,CAND02082,Engineering,L2,LinkedIn,2019-09-07,2019-10-12,Offered,No,
REQ0296,CAND02083,Sales,L1,Employee Referral,2023-03-12,2023-04-21,Joined,Yes,EMP0296
REQ0296,CAND02084,Sales,L1,Careers Site,2023-03-17,,Applied,No,
REQ0296,CAND02085,Sales,L1,Campus,2023-04-02,,Screened,No,
REQ0296,CAND02086,Sales,L1,Employee Referral,2023-03-23,,Screened,No,
REQ0296,CAND02087,Sales,L1,LinkedIn,2023-03-06,,Interviewed,No,
REQ0296,CAND02088,Sales,L1,Recruitment Agency,2023-03-17,,Applied,No,
REQ0297,CAND02089,Engineering,L4,Employee Referral,2021-05-03,2021-07-20,Joined,Yes,EMP0297
REQ0297,CAND02090,Engineering,L4,Employee Referral,2021-05-13,,Screened,No,
REQ0297,CAND02091,Engineering,L4,Naukri,2021-04-23,,Applied,No,
REQ0297,CAND02092,Engineering,L4,Careers Site,2021-04-21,,Applied,No,
REQ0297,CAND02093,Engineering,L4,LinkedIn,2021-05-18,,Applied,No,
REQ0297,CAND02094,Engineering,L4,LinkedIn,2021-04-20,,Applied,No,
REQ0297,CAND02095,Engineering,L4,Employee Referral,2021-05-04,2021-05-24,Offered,No,
REQ0297,CAND02096,Engineering,L4,LinkedIn,2021-04-30,,Interviewed,No,
REQ0297,CAND02097,Engineering,L4,Employee Referral,2021-05-01,,Interviewed,No,
REQ0297,CAND02098,Engineering,L4,Careers Site,2021-05-22,,Interviewed,No,
REQ0298,CAND02099,Marketing,L2,LinkedIn,2020-10-10,2020-11-27,Joined,Yes,EMP0298
REQ0298,CAND02100,Marketing,L2,Employee Referral,2020-10-16,2020-11-11,Offered,No,
REQ0298,CAND02101,Marketing,L2,Naukri,2020-10-13,,Applied,No,
REQ0298,CAND02102,Marketing,L2,Naukri,2020-10-24,,Screened,No,
REQ0298,CAND02103,Marketing,L2,Naukri,2020-10-02,,Applied,No,
REQ0299,CAND02104,Marketing,L2,LinkedIn,2024-08-28,2024-09-21,Joined,Yes,EMP0299
REQ0299,CAND02105,Marketing,L2,LinkedIn,2024-09-17,,Applied,No,
REQ0299,CAND02106,Marketing,L2,Careers Site,2024-09-10,,Screened,No,
REQ0299,CAND02107,Marketing,L2,Careers Site,2024-08-24,,Applied,No,
REQ0299,CAND02108,Marketing,L2,LinkedIn,2024-09-09,2024-10-13,Offered,No,
REQ0300,CAND02109,Sales,L2,Campus,2025-08-18,2025-10-28,Joined,Yes,EMP0300
REQ0300,CAND02110,Sales,L2,LinkedIn,2025-08-14,,Interviewed,No,
REQ0300,CAND02111,Sales,L2,Recruitment Agency,2025-08-30,,Applied,No,
REQ0300,CAND02112,Sales,L2,Campus,2025-08-20,,Applied,No,
REQ0300,CAND02113,Sales,L2,LinkedIn,2025-08-07,,Screened,No,
REQ0300,CAND02114,Sales,L2,LinkedIn,2025-09-08,2025-10-21,Offered,No,
REQ0300,CAND02115,Sales,L2,Campus,2025-08-26,,Applied,No,
REQ0300,CAND02116,Sales,L2,Recruitment Agency,2025-08-31,,Screened,No,
REQ0300,CAND02117,Sales,L2,Naukri,2025-08-08,,Applied,No,
REQ0300,CAND02118,Sales,L2,Recruitment Agency,2025-08-12,,Applied,No,
REQ0301,CAND02119,Marketing,L2,Campus,2020-07-02,2020-08-27,Joined,Yes,EMP0301
REQ0301,CAND02120,Marketing,L2,Naukri,2020-06-22,,Applied,No,
REQ0301,CAND02121,Marketing,L2,Recruitment Agency,2020-06-26,,Applied,No,
REQ0301,CAND02122,Marketing,L2,Employee Referral,2020-07-12,2020-08-21,Offered,No,
REQ0301,CAND02123,Marketing,L2,Naukri,2020-07-17,,Applied,No,
REQ0301,CAND02124,Marketing,L2,Recruitment Agency,2020-07-15,,Applied,No,
REQ0301,CAND02125,Marketing,L2,LinkedIn,2020-06-22,,Applied,No,
REQ0301,CAND02126,Marketing,L2,LinkedIn,2020-07-14,,Screened,No,
REQ0301,CAND02127,Marketing,L2,Naukri,2020-07-15,,Interviewed,No,
REQ0302,CAND02128,Finance,L4,LinkedIn,2021-07-21,2021-08-03,Joined,Yes,EMP0302
REQ0302,CAND02129,Finance,L4,Employee Referral,2021-08-04,,Interviewed,No,
REQ0302,CAND02130,Finance,L4,Employee Referral,2021-08-05,,Screened,No,
REQ0302,CAND02131,Finance,L4,Recruitment Agency,2021-07-13,,Screened,No,
REQ0302,CAND02132,Finance,L4,Naukri,2021-07-15,,Applied,No,
REQ0302,CAND02133,Finance,L4,LinkedIn,2021-07-11,,Screened,No,
REQ0302,CAND02134,Finance,L4,LinkedIn,2021-07-29,,Screened,No,
REQ0302,CAND02135,Finance,L4,Campus,2021-07-26,2021-09-02,Offered,No,
REQ0302,CAND02136,Finance,L4,Employee Referral,2021-07-21,2021-09-04,Offered,No,
REQ0303,CAND02137,Sales,L2,LinkedIn,2021-11-22,2022-01-03,Joined,Yes,EMP0303
REQ0303,CAND02138,Sales,L2,Campus,2021-12-10,,Applied,No,
REQ0303,CAND02139,Sales,L2,Naukri,2021-11-12,,Applied,No,
REQ0303,CAND02140,Sales,L2,Campus,2021-11-29,,Interviewed,No,
REQ0303,CAND02141,Sales,L2,Campus,2021-12-04,,Screened,No,
REQ0303,CAND02142,Sales,L2,Careers Site,2021-11-19,2021-12-24,Offered,No,
REQ0303,CAND02143,Sales,L2,Recruitment Agency,2021-11-25,,Applied,No,
REQ0304,CAND02144,Engineering,L1,Campus,2021-10-25,2022-01-23,Joined,Yes,EMP0304
REQ0304,CAND02145,Engineering,L1,Employee Referral,2021-10-18,,Screened,No,
REQ0304,CAND02146,Engineering,L1,LinkedIn,2021-10-29,,Applied,No,
REQ0304,CAND02147,Engineering,L1,LinkedIn,2021-10-21,,Screened,No,
REQ0304,CAND02148,Engineering,L1,LinkedIn,2021-10-25,,Applied,No,
REQ0305,CAND02149,Sales,L3,Employee Referral,2025-06-14,2025-09-08,Joined,Yes,EMP0305
REQ0305,CAND02150,Sales,L3,Careers Site,2025-07-02,,Screened,No,
REQ0305,CAND02151,Sales,L3,Campus,2025-06-16,,Screened,No,
REQ0305,CAND02152,Sales,L3,Employee Referral,2025-06-06,2025-07-06,Offered,No,
REQ0305,CAND02153,Sales,L3,LinkedIn,2025-06-08,,Screened,No,
REQ0305,CAND02154,Sales,L3,LinkedIn,2025-06-06,,Applied,No,
REQ0305,CAND02155,Sales,L3,Recruitment Agency,2025-06-06,,Applied,No,
REQ0306,CAND02156,Human Resources,L1,Campus,2019-08-11,2019-09-03,Joined,Yes,EMP0306
REQ0306,CAND02157,Human Resources,L1,LinkedIn,2019-08-11,,Screened,No,
REQ0306,CAND02158,Human Resources,L1,LinkedIn,2019-08-30,,Interviewed,No,
REQ0306,CAND02159,Human Resources,L1,Careers Site,2019-08-23,2019-09-21,Offered,No,
REQ0306,CAND02160,Human Resources,L1,Employee Referral,2019-08-23,2019-09-30,Offered,No,
REQ0306,CAND02161,Human Resources,L1,Naukri,2019-08-16,,Screened,No,
REQ0306,CAND02162,Human Resources,L1,Naukri,2019-08-05,,Applied,No,
REQ0307,CAND02163,Customer Success,L2,LinkedIn,2025-08-30,2025-09-06,Joined,Yes,EMP0307
REQ0307,CAND02164,Customer Success,L2,Careers Site,2025-09-19,,Screened,No,
REQ0307,CAND02165,Customer Success,L2,Employee Referral,2025-08-31,2025-09-28,Offered,No,
REQ0307,CAND02166,Customer Success,L2,Naukri,2025-09-15,,Applied,No,
REQ0308,CAND02167,Marketing,L1,LinkedIn,2025-11-23,2026-01-25,Joined,Yes,EMP0308
REQ0308,CAND02168,Marketing,L1,Employee Referral,2025-11-25,2025-12-19,Offered,No,
REQ0308,CAND02169,Marketing,L1,LinkedIn,2025-11-22,,Interviewed,No,
REQ0308,CAND02170,Marketing,L1,Recruitment Agency,2025-11-17,,Interviewed,No,
REQ0308,CAND02171,Marketing,L1,Naukri,2025-11-16,,Applied,No,
REQ0308,CAND02172,Marketing,L1,Recruitment Agency,2025-11-29,,Screened,No,
REQ0309,CAND02173,Marketing,L5,LinkedIn,2025-05-28,2025-07-13,Joined,Yes,EMP0309
REQ0309,CAND02174,Marketing,L5,Employee Referral,2025-06-04,2025-07-14,Offered,No,
REQ0309,CAND02175,Marketing,L5,LinkedIn,2025-05-18,,Applied,No,
REQ0309,CAND02176,Marketing,L5,Campus,2025-05-15,,Applied,No,
REQ0309,CAND02177,Marketing,L5,Naukri,2025-05-23,,Applied,No,
REQ0309,CAND02178,Marketing,L5,LinkedIn,2025-05-27,,Screened,No,
REQ0309,CAND02179,Marketing,L5,Naukri,2025-05-29,,Screened,No,
REQ0309,CAND02180,Marketing,L5,Naukri,2025-06-12,,Screened,No,
REQ0309,CAND02181,Marketing,L5,Careers Site,2025-06-06,,Applied,No,
REQ0309,CAND02182,Marketing,L5,Campus,2025-06-17,,Applied,No,
REQ0310,CAND02183,Customer Success,L1,Naukri,2025-01-16,2025-02-09,Joined,Yes,EMP0310
REQ0310,CAND02184,Customer Success,L1,Careers Site,2025-01-11,,Applied,No,
REQ0310,CAND02185,Customer Success,L1,Campus,2025-01-27,,Applied,No,
REQ0310,CAND02186,Customer Success,L1,Careers Site,2025-01-03,,Screened,No,
REQ0310,CAND02187,Customer Success,L1,Campus,2025-01-31,,Applied,No,
REQ0310,CAND02188,Customer Success,L1,Naukri,2025-01-13,,Applied,No,
REQ0311,CAND02189,Finance,L3,LinkedIn,2019-09-02,2019-10-30,Joined,Yes,EMP0311
REQ0311,CAND02190,Finance,L3,LinkedIn,2019-09-09,,Applied,No,
REQ0311,CAND02191,Finance,L3,Naukri,2019-09-22,,Applied,No,
REQ0311,CAND02192,Finance,L3,Campus,2019-09-10,,Applied,No,
REQ0311,CAND02193,Finance,L3,Campus,2019-09-21,,Screened,No,
REQ0311,CAND02194,Finance,L3,Campus,2019-09-16,,Screened,No,
REQ0311,CAND02195,Finance,L3,Naukri,2019-08-26,,Interviewed,No,
REQ0311,CAND02196,Finance,L3,Employee Referral,2019-09-13,2019-10-14,Offered,No,
REQ0312,CAND02197,Customer Success,L1,Recruitment Agency,2025-02-19,2025-02-23,Joined,Yes,EMP0312
REQ0312,CAND02198,Customer Success,L1,Recruitment Agency,2025-02-17,,Applied,No,
REQ0312,CAND02199,Customer Success,L1,Campus,2025-02-13,,Applied,No,
REQ0312,CAND02200,Customer Success,L1,LinkedIn,2025-03-07,,Applied,No,
REQ0312,CAND02201,Customer Success,L1,Campus,2025-02-20,,Interviewed,No,
REQ0312,CAND02202,Customer Success,L1,Employee Referral,2025-02-25,,Screened,No,
REQ0312,CAND02203,Customer Success,L1,Employee Referral,2025-02-28,,Interviewed,No,
REQ0312,CAND02204,Customer Success,L1,Campus,2025-02-10,,Applied,No,
REQ0313,CAND02205,Sales,L1,LinkedIn,2019-12-20,2019-12-28,Joined,Yes,EMP0313
REQ0313,CAND02206,Sales,L1,Employee Referral,2020-01-07,2020-02-10,Offered,No,
REQ0313,CAND02207,Sales,L1,LinkedIn,2020-01-04,,Applied,No,
REQ0313,CAND02208,Sales,L1,Careers Site,2020-01-05,,Interviewed,No,
REQ0313,CAND02209,Sales,L1,Naukri,2019-12-18,,Screened,No,
REQ0313,CAND02210,Sales,L1,Campus,2020-01-05,,Applied,No,
REQ0313,CAND02211,Sales,L1,Campus,2019-12-19,,Interviewed,No,
REQ0313,CAND02212,Sales,L1,Careers Site,2019-12-09,,Screened,No,
REQ0314,CAND02213,Customer Success,L6,Careers Site,2024-01-17,2024-04-12,Joined,Yes,EMP0314
REQ0314,CAND02214,Customer Success,L6,Careers Site,2024-01-10,,Screened,No,
REQ0314,CAND02215,Customer Success,L6,Employee Referral,2024-01-17,2024-02-26,Offered,No,
REQ0314,CAND02216,Customer Success,L6,Recruitment Agency,2024-01-27,,Applied,No,
REQ0314,CAND02217,Customer Success,L6,LinkedIn,2024-01-23,,Interviewed,No,
REQ0314,CAND02218,Customer Success,L6,Recruitment Agency,2024-01-18,,Applied,No,
REQ0314,CAND02219,Customer Success,L6,Employee Referral,2024-01-09,2024-02-20,Offered,No,
REQ0314,CAND02220,Customer Success,L6,Recruitment Agency,2024-01-22,,Interviewed,No,
REQ0315,CAND02221,Engineering,L2,LinkedIn,2020-08-20,2020-11-09,Joined,Yes,EMP0315
REQ0315,CAND02222,Engineering,L2,Employee Referral,2020-09-03,2020-09-30,Offered,No,
REQ0315,CAND02223,Engineering,L2,Naukri,2020-08-29,,Screened,No,
REQ0315,CAND02224,Engineering,L2,Naukri,2020-08-20,,Applied,No,
REQ0316,CAND02225,Marketing,L1,LinkedIn,2022-08-02,2022-10-04,Joined,Yes,EMP0316
REQ0316,CAND02226,Marketing,L1,LinkedIn,2022-07-22,,Applied,No,
REQ0316,CAND02227,Marketing,L1,Naukri,2022-08-04,,Applied,No,
REQ0316,CAND02228,Marketing,L1,Employee Referral,2022-08-02,2022-09-04,Offered,No,
REQ0317,CAND02229,Engineering,L4,LinkedIn,2025-09-01,2025-10-29,Joined,Yes,EMP0317
REQ0317,CAND02230,Engineering,L4,Careers Site,2025-09-06,,Applied,No,
REQ0317,CAND02231,Engineering,L4,Naukri,2025-09-14,,Applied,No,
REQ0317,CAND02232,Engineering,L4,Naukri,2025-09-13,,Applied,No,
REQ0317,CAND02233,Engineering,L4,Employee Referral,2025-09-11,2025-10-05,Offered,No,
REQ0317,CAND02234,Engineering,L4,Employee Referral,2025-09-11,2025-10-21,Offered,No,
REQ0317,CAND02235,Engineering,L4,Campus,2025-09-16,,Applied,No,
REQ0318,CAND02236,Product,L3,Campus,2020-05-19,2020-08-08,Joined,Yes,EMP0318
REQ0318,CAND02237,Product,L3,Recruitment Agency,2020-05-05,,Screened,No,
REQ0318,CAND02238,Product,L3,LinkedIn,2020-05-12,,Applied,No,
REQ0318,CAND02239,Product,L3,Naukri,2020-05-19,,Applied,No,
REQ0318,CAND02240,Product,L3,Employee Referral,2020-05-26,,Screened,No,
REQ0318,CAND02241,Product,L3,Naukri,2020-05-23,,Interviewed,No,
REQ0319,CAND02242,Human Resources,L1,Careers Site,2018-10-04,2018-12-27,Joined,Yes,EMP0319
REQ0319,CAND02243,Human Resources,L1,Recruitment Agency,2018-10-01,,Screened,No,
REQ0319,CAND02244,Human Resources,L1,Careers Site,2018-10-24,,Screened,No,
REQ0319,CAND02245,Human Resources,L1,Employee Referral,2018-10-10,,Screened,No,
REQ0319,CAND02246,Human Resources,L1,LinkedIn,2018-09-24,,Interviewed,No,
REQ0319,CAND02247,Human Resources,L1,Recruitment Agency,2018-10-06,,Applied,No,
REQ0319,CAND02248,Human Resources,L1,Naukri,2018-10-16,,Applied,No,
REQ0319,CAND02249,Human Resources,L1,Employee Referral,2018-10-01,,Screened,No,
REQ0319,CAND02250,Human Resources,L1,Recruitment Agency,2018-09-21,,Interviewed,No,
REQ0319,CAND02251,Human Resources,L1,Employee Referral,2018-09-25,,Screened,No,
REQ0320,CAND02252,Engineering,L3,Employee Referral,2021-02-02,2021-04-12,Joined,Yes,EMP0320
REQ0320,CAND02253,Engineering,L3,Employee Referral,2021-02-05,2021-03-21,Offered,No,
REQ0320,CAND02254,Engineering,L3,LinkedIn,2021-02-03,,Interviewed,No,
REQ0320,CAND02255,Engineering,L3,LinkedIn,2021-02-20,,Applied,No,
REQ0320,CAND02256,Engineering,L3,Campus,2021-01-22,,Applied,No,
REQ0320,CAND02257,Engineering,L3,LinkedIn,2021-02-09,,Applied,No,
REQ0321,CAND02258,Customer Success,L2,Employee Referral,2020-02-05,2020-04-02,Joined,Yes,EMP0321
REQ0321,CAND02259,Customer Success,L2,LinkedIn,2020-01-22,2020-02-26,Offered,No,
REQ0321,CAND02260,Customer Success,L2,Campus,2020-01-29,,Screened,No,
REQ0321,CAND02261,Customer Success,L2,Employee Referral,2020-02-06,2020-03-20,Offered,No,
REQ0321,CAND02262,Customer Success,L2,Naukri,2020-01-22,,Applied,No,
REQ0321,CAND02263,Customer Success,L2,Careers Site,2020-01-28,,Applied,No,
REQ0321,CAND02264,Customer Success,L2,Recruitment Agency,2020-02-11,,Applied,No,
REQ0321,CAND02265,Customer Success,L2,LinkedIn,2020-02-22,,Applied,No,
REQ0321,CAND02266,Customer Success,L2,Careers Site,2020-02-18,,Applied,No,
REQ0321,CAND02267,Customer Success,L2,Careers Site,2020-02-16,,Applied,No,
REQ0322,CAND02268,Sales,L2,Naukri,2025-10-10,2025-11-06,Joined,Yes,EMP0322
REQ0322,CAND02269,Sales,L2,LinkedIn,2025-10-10,2025-11-16,Offered,No,
REQ0322,CAND02270,Sales,L2,Employee Referral,2025-10-11,,Applied,No,
REQ0322,CAND02271,Sales,L2,Naukri,2025-09-30,,Applied,No,
REQ0322,CAND02272,Sales,L2,LinkedIn,2025-10-28,,Screened,No,
REQ0322,CAND02273,Sales,L2,Employee Referral,2025-10-22,2025-11-29,Offered,No,
REQ0322,CAND02274,Sales,L2,Employee Referral,2025-10-03,,Screened,No,
REQ0323,CAND02275,Human Resources,L2,Recruitment Agency,2023-07-30,2023-10-20,Joined,Yes,EMP0323
REQ0323,CAND02276,Human Resources,L2,Recruitment Agency,2023-07-18,,Applied,No,
REQ0323,CAND02277,Human Resources,L2,LinkedIn,2023-08-10,2023-09-17,Offered,No,
REQ0323,CAND02278,Human Resources,L2,Naukri,2023-08-14,,Screened,No,
REQ0323,CAND02279,Human Resources,L2,Recruitment Agency,2023-08-14,,Applied,No,
REQ0323,CAND02280,Human Resources,L2,Employee Referral,2023-07-19,,Screened,No,
REQ0323,CAND02281,Human Resources,L2,LinkedIn,2023-08-10,,Applied,No,
REQ0323,CAND02282,Human Resources,L2,Careers Site,2023-07-25,,Screened,No,
REQ0324,CAND02283,Engineering,L1,Careers Site,2025-06-25,2025-08-21,Joined,Yes,EMP0324
REQ0324,CAND02284,Engineering,L1,LinkedIn,2025-06-19,,Screened,No,
REQ0324,CAND02285,Engineering,L1,LinkedIn,2025-06-20,2025-07-29,Offered,No,
REQ0324,CAND02286,Engineering,L1,Employee Referral,2025-07-16,2025-08-14,Offered,No,
REQ0324,CAND02287,Engineering,L1,Careers Site,2025-06-24,,Screened,No,
REQ0324,CAND02288,Engineering,L1,Careers Site,2025-06-26,,Applied,No,
REQ0325,CAND02289,Operations,L2,LinkedIn,2023-02-25,2023-05-12,Joined,Yes,EMP0325
REQ0325,CAND02290,Operations,L2,LinkedIn,2023-02-19,,Applied,No,
REQ0325,CAND02291,Operations,L2,Employee Referral,2023-03-11,,Screened,No,
REQ0325,CAND02292,Operations,L2,Employee Referral,2023-02-21,2023-04-01,Offered,No,
REQ0325,CAND02293,Operations,L2,LinkedIn,2023-02-18,,Screened,No,
REQ0325,CAND02294,Operations,L2,Campus,2023-02-27,,Interviewed,No,
REQ0325,CAND02295,Operations,L2,Naukri,2023-02-20,,Applied,No,
REQ0325,CAND02296,Operations,L2,Recruitment Agency,2023-02-17,,Screened,No,
REQ0325,CAND02297,Operations,L2,LinkedIn,2023-03-14,,Screened,No,
REQ0325,CAND02298,Operations,L2,Naukri,2023-03-11,,Interviewed,No,
REQ0326,CAND02299,Operations,L1,Recruitment Agency,2020-01-28,2020-02-05,Joined,Yes,EMP0326
REQ0326,CAND02300,Operations,L1,Recruitment Agency,2020-01-20,,Applied,No,
REQ0326,CAND02301,Operations,L1,Campus,2020-02-12,,Applied,No,
REQ0326,CAND02302,Operations,L1,Campus,2020-02-02,,Applied,No,
REQ0327,CAND02303,Engineering,L4,Naukri,2023-12-20,2024-03-11,Joined,Yes,EMP0327
REQ0327,CAND02304,Engineering,L4,LinkedIn,2023-12-30,2024-01-29,Offered,No,
REQ0327,CAND02305,Engineering,L4,LinkedIn,2023-12-31,,Applied,No,
REQ0327,CAND02306,Engineering,L4,LinkedIn,2024-01-02,,Applied,No,
REQ0327,CAND02307,Engineering,L4,Naukri,2023-12-07,,Applied,No,
REQ0327,CAND02308,Engineering,L4,Careers Site,2024-01-09,,Applied,No,
REQ0327,CAND02309,Engineering,L4,Naukri,2023-12-06,,Applied,No,
REQ0327,CAND02310,Engineering,L4,Recruitment Agency,2024-01-10,,Applied,No,
REQ0327,CAND02311,Engineering,L4,LinkedIn,2024-01-04,,Applied,No,
REQ0327,CAND02312,Engineering,L4,Careers Site,2023-12-16,,Screened,No,
REQ0328,CAND02313,Sales,L1,LinkedIn,2021-02-05,2021-03-12,Joined,Yes,EMP0328
REQ0328,CAND02314,Sales,L1,Employee Referral,2021-01-31,,Screened,No,
REQ0328,CAND02315,Sales,L1,Recruitment Agency,2021-01-31,,Applied,No,
REQ0328,CAND02316,Sales,L1,LinkedIn,2021-02-17,,Applied,No,
REQ0328,CAND02317,Sales,L1,Naukri,2021-02-25,,Applied,No,
REQ0329,CAND02318,Engineering,L2,LinkedIn,2020-07-07,2020-08-13,Joined,Yes,EMP0329
REQ0329,CAND02319,Engineering,L2,Employee Referral,2020-06-28,2020-08-08,Offered,No,
REQ0329,CAND02320,Engineering,L2,Careers Site,2020-07-06,,Applied,No,
REQ0329,CAND02321,Engineering,L2,Recruitment Agency,2020-07-25,,Screened,No,
REQ0329,CAND02322,Engineering,L2,Recruitment Agency,2020-07-03,,Applied,No,
REQ0329,CAND02323,Engineering,L2,Employee Referral,2020-07-24,,Screened,No,
REQ0329,CAND02324,Engineering,L2,Naukri,2020-07-12,,Applied,No,
REQ0330,CAND02325,Operations,L1,Naukri,2022-12-15,2022-12-22,Joined,Yes,EMP0330
REQ0330,CAND02326,Operations,L1,Employee Referral,2022-12-07,,Screened,No,
REQ0330,CAND02327,Operations,L1,Naukri,2022-12-01,,Applied,No,
REQ0330,CAND02328,Operations,L1,Employee Referral,2022-12-13,,Interviewed,No,
REQ0330,CAND02329,Operations,L1,Recruitment Agency,2022-12-21,,Screened,No,
REQ0331,CAND02330,Customer Success,L1,Employee Referral,2024-07-15,2024-08-05,Joined,Yes,EMP0331
REQ0331,CAND02331,Customer Success,L1,Employee Referral,2024-07-27,,Applied,No,
REQ0331,CAND02332,Customer Success,L1,Recruitment Agency,2024-07-28,,Interviewed,No,
REQ0331,CAND02333,Customer Success,L1,Employee Referral,2024-07-16,,Screened,No,
REQ0331,CAND02334,Customer Success,L1,Campus,2024-07-23,,Interviewed,No,
REQ0331,CAND02335,Customer Success,L1,LinkedIn,2024-07-09,2024-07-31,Offered,No,
REQ0331,CAND02336,Customer Success,L1,Recruitment Agency,2024-07-10,,Applied,No,
REQ0331,CAND02337,Customer Success,L1,Campus,2024-07-17,,Applied,No,
REQ0332,CAND02338,Sales,L4,Campus,2024-05-06,2024-07-03,Joined,Yes,EMP0332
REQ0332,CAND02339,Sales,L4,Recruitment Agency,2024-05-16,,Interviewed,No,
REQ0332,CAND02340,Sales,L4,LinkedIn,2024-04-28,,Applied,No,
REQ0332,CAND02341,Sales,L4,Employee Referral,2024-05-27,,Screened,No,
REQ0333,CAND02342,Engineering,L2,Naukri,2024-01-29,2024-04-04,Joined,Yes,EMP0333
REQ0333,CAND02343,Engineering,L2,Employee Referral,2024-02-03,,Applied,No,
REQ0333,CAND02344,Engineering,L2,Employee Referral,2024-02-19,,Applied,No,
REQ0333,CAND02345,Engineering,L2,Campus,2024-02-08,,Interviewed,No,
REQ0333,CAND02346,Engineering,L2,Naukri,2024-01-24,,Interviewed,No,
REQ0333,CAND02347,Engineering,L2,Naukri,2024-01-23,,Applied,No,
REQ0333,CAND02348,Engineering,L2,Employee Referral,2024-01-16,,Applied,No,
REQ0333,CAND02349,Engineering,L2,Campus,2024-02-14,,Applied,No,
REQ0334,CAND02350,Finance,L4,Naukri,2025-01-12,2025-04-10,Joined,Yes,EMP0334
REQ0334,CAND02351,Finance,L4,Recruitment Agency,2025-01-26,,Applied,No,
REQ0334,CAND02352,Finance,L4,Naukri,2025-01-24,,Applied,No,
REQ0334,CAND02353,Finance,L4,Careers Site,2025-01-03,,Interviewed,No,
REQ0334,CAND02354,Finance,L4,Campus,2024-12-31,,Applied,No,
REQ0335,CAND02355,Sales,L2,LinkedIn,2026-01-03,2026-02-25,Joined,Yes,EMP0335
REQ0335,CAND02356,Sales,L2,Careers Site,2026-01-22,,Screened,No,
REQ0335,CAND02357,Sales,L2,Naukri,2026-01-02,,Applied,No,
REQ0335,CAND02358,Sales,L2,LinkedIn,2026-01-01,,Applied,No,
REQ0335,CAND02359,Sales,L2,Employee Referral,2026-01-18,2026-02-18,Offered,No,
REQ0335,CAND02360,Sales,L2,Employee Referral,2026-01-01,,Screened,No,
REQ0335,CAND02361,Sales,L2,Careers Site,2026-01-09,,Applied,No,
REQ0335,CAND02362,Sales,L2,Naukri,2026-01-02,,Screened,No,
REQ0335,CAND02363,Sales,L2,LinkedIn,2026-01-14,,Applied,No,
REQ0336,CAND02364,Customer Success,L1,Careers Site,2019-12-27,2020-02-02,Joined,Yes,EMP0336
REQ0336,CAND02365,Customer Success,L1,LinkedIn,2019-12-28,,Applied,No,
REQ0336,CAND02366,Customer Success,L1,LinkedIn,2020-01-06,,Applied,No,
REQ0336,CAND02367,Customer Success,L1,Campus,2020-01-12,,Screened,No,
REQ0336,CAND02368,Customer Success,L1,LinkedIn,2020-01-16,,Interviewed,No,
REQ0336,CAND02369,Customer Success,L1,Naukri,2019-12-13,,Applied,No,
REQ0336,CAND02370,Customer Success,L1,Careers Site,2019-12-28,,Applied,No,
REQ0337,CAND02371,Finance,L1,Naukri,2022-06-11,2022-08-21,Joined,Yes,EMP0337
REQ0337,CAND02372,Finance,L1,Naukri,2022-06-21,,Interviewed,No,
REQ0337,CAND02373,Finance,L1,Naukri,2022-06-02,,Screened,No,
REQ0337,CAND02374,Finance,L1,Careers Site,2022-06-09,,Applied,No,
REQ0337,CAND02375,Finance,L1,LinkedIn,2022-06-30,,Applied,No,
REQ0337,CAND02376,Finance,L1,Naukri,2022-06-10,,Applied,No,
REQ0337,CAND02377,Finance,L1,LinkedIn,2022-06-26,,Screened,No,
REQ0337,CAND02378,Finance,L1,Naukri,2022-05-31,,Screened,No,
REQ0338,CAND02379,Engineering,L2,Employee Referral,2021-10-12,2021-10-31,Joined,Yes,EMP0338
REQ0338,CAND02380,Engineering,L2,Employee Referral,2021-10-25,,Screened,No,
REQ0338,CAND02381,Engineering,L2,LinkedIn,2021-10-16,,Interviewed,No,
REQ0338,CAND02382,Engineering,L2,Employee Referral,2021-10-26,,Interviewed,No,
REQ0339,CAND02383,Engineering,L2,Careers Site,2024-06-18,2024-08-15,Joined,Yes,EMP0339
REQ0339,CAND02384,Engineering,L2,LinkedIn,2024-07-08,,Screened,No,
REQ0339,CAND02385,Engineering,L2,Naukri,2024-06-24,,Applied,No,
REQ0339,CAND02386,Engineering,L2,Employee Referral,2024-07-01,,Interviewed,No,
REQ0339,CAND02387,Engineering,L2,Careers Site,2024-06-21,,Interviewed,No,
REQ0339,CAND02388,Engineering,L2,LinkedIn,2024-06-05,,Applied,No,
REQ0339,CAND02389,Engineering,L2,Employee Referral,2024-06-10,,Applied,No,
REQ0339,CAND02390,Engineering,L2,Recruitment Agency,2024-07-02,,Applied,No,
REQ0339,CAND02391,Engineering,L2,Campus,2024-06-12,,Screened,No,
REQ0340,CAND02392,Customer Success,L6,Campus,2021-07-09,2021-07-17,Joined,Yes,EMP0340
REQ0340,CAND02393,Customer Success,L6,Naukri,2021-07-13,,Applied,No,
REQ0340,CAND02394,Customer Success,L6,LinkedIn,2021-07-20,,Applied,No,
REQ0340,CAND02395,Customer Success,L6,Naukri,2021-07-12,,Applied,No,
REQ0340,CAND02396,Customer Success,L6,LinkedIn,2021-07-14,,Applied,No,
REQ0340,CAND02397,Customer Success,L6,Naukri,2021-07-15,,Screened,No,
REQ0340,CAND02398,Customer Success,L6,Campus,2021-07-20,,Applied,No,
REQ0340,CAND02399,Customer Success,L6,Careers Site,2021-07-08,,Interviewed,No,
REQ0340,CAND02400,Customer Success,L6,LinkedIn,2021-07-21,,Interviewed,No,
REQ0340,CAND02401,Customer Success,L6,Careers Site,2021-06-30,,Applied,No,
REQ0341,CAND02402,Marketing,L2,LinkedIn,2022-10-18,2022-11-25,Joined,Yes,EMP0341
REQ0341,CAND02403,Marketing,L2,Employee Referral,2022-10-14,2022-11-24,Offered,No,
REQ0341,CAND02404,Marketing,L2,Recruitment Agency,2022-10-29,,Applied,No,
REQ0341,CAND02405,Marketing,L2,Recruitment Agency,2022-10-04,,Screened,No,
REQ0342,CAND02406,Operations,L1,Campus,2019-01-10,2019-03-29,Joined,Yes,EMP0342
REQ0342,CAND02407,Operations,L1,Naukri,2019-01-23,,Applied,No,
REQ0342,CAND02408,Operations,L1,Naukri,2019-01-08,,Applied,No,
REQ0342,CAND02409,Operations,L1,Employee Referral,2019-01-14,,Applied,No,
REQ0342,CAND02410,Operations,L1,LinkedIn,2019-01-04,,Applied,No,
REQ0342,CAND02411,Operations,L1,Careers Site,2019-01-26,,Screened,No,
REQ0342,CAND02412,Operations,L1,Recruitment Agency,2019-01-12,,Interviewed,No,
REQ0342,CAND02413,Operations,L1,Campus,2019-01-20,,Screened,No,
REQ0343,CAND02414,Engineering,L2,Campus,2024-02-21,2024-05-01,Joined,Yes,EMP0343
REQ0343,CAND02415,Engineering,L2,LinkedIn,2024-03-10,,Applied,No,
REQ0343,CAND02416,Engineering,L2,Naukri,2024-03-02,,Interviewed,No,
REQ0343,CAND02417,Engineering,L2,Employee Referral,2024-02-18,,Screened,No,
REQ0343,CAND02418,Engineering,L2,Employee Referral,2024-02-28,2024-04-01,Offered,No,
REQ0343,CAND02419,Engineering,L2,LinkedIn,2024-03-09,,Applied,No,
REQ0344,CAND02420,Sales,L3,Careers Site,2022-10-16,2022-12-11,Joined,Yes,EMP0344
REQ0344,CAND02421,Sales,L3,Employee Referral,2022-10-10,2022-11-03,Offered,No,
REQ0344,CAND02422,Sales,L3,Campus,2022-10-11,,Applied,No,
REQ0344,CAND02423,Sales,L3,Naukri,2022-10-23,,Screened,No,
REQ0344,CAND02424,Sales,L3,Employee Referral,2022-10-11,,Screened,No,
REQ0345,CAND02425,Customer Success,L3,Employee Referral,2023-12-12,2023-12-15,Joined,Yes,EMP0345
REQ0345,CAND02426,Customer Success,L3,Employee Referral,2023-12-12,,Screened,No,
REQ0345,CAND02427,Customer Success,L3,LinkedIn,2023-12-09,,Interviewed,No,
REQ0345,CAND02428,Customer Success,L3,Naukri,2023-12-15,,Interviewed,No,
REQ0345,CAND02429,Customer Success,L3,LinkedIn,2023-12-03,,Interviewed,No,
REQ0345,CAND02430,Customer Success,L3,Naukri,2023-12-13,,Applied,No,
REQ0345,CAND02431,Customer Success,L3,Naukri,2023-12-25,,Applied,No,
REQ0346,CAND02432,Human Resources,L5,LinkedIn,2021-06-23,2021-07-17,Joined,Yes,EMP0346
REQ0346,CAND02433,Human Resources,L5,Careers Site,2021-07-08,,Interviewed,No,
REQ0346,CAND02434,Human Resources,L5,Campus,2021-07-02,,Applied,No,
REQ0346,CAND02435,Human Resources,L5,Recruitment Agency,2021-06-21,,Applied,No,
REQ0346,CAND02436,Human Resources,L5,Recruitment Agency,2021-07-09,,Applied,No,
REQ0347,CAND02437,Marketing,L2,Employee Referral,2020-03-14,2020-04-21,Joined,Yes,EMP0347
REQ0347,CAND02438,Marketing,L2,Naukri,2020-03-16,,Applied,No,
REQ0347,CAND02439,Marketing,L2,LinkedIn,2020-03-12,,Interviewed,No,
REQ0347,CAND02440,Marketing,L2,Employee Referral,2020-03-01,2020-04-02,Offered,No,
REQ0348,CAND02441,Engineering,L1,Recruitment Agency,2023-09-30,2023-12-30,Joined,Yes,EMP0348
REQ0348,CAND02442,Engineering,L1,Employee Referral,2023-10-15,,Screened,No,
REQ0348,CAND02443,Engineering,L1,Campus,2023-10-21,,Screened,No,
REQ0348,CAND02444,Engineering,L1,LinkedIn,2023-09-22,,Applied,No,
REQ0349,CAND02445,Operations,L2,Employee Referral,2018-12-21,2019-03-15,Joined,Yes,EMP0349
REQ0349,CAND02446,Operations,L2,LinkedIn,2018-12-11,,Screened,No,
REQ0349,CAND02447,Operations,L2,LinkedIn,2018-12-09,,Applied,No,
REQ0349,CAND02448,Operations,L2,LinkedIn,2018-12-14,,Interviewed,No,
REQ0349,CAND02449,Operations,L2,LinkedIn,2018-12-13,,Screened,No,
REQ0349,CAND02450,Operations,L2,Campus,2018-12-31,,Screened,No,
REQ0350,CAND02451,Finance,L1,LinkedIn,2025-03-23,2025-04-23,Joined,Yes,EMP0350
REQ0350,CAND02452,Finance,L1,Campus,2025-03-23,,Applied,No,
REQ0350,CAND02453,Finance,L1,Naukri,2025-04-08,,Interviewed,No,
REQ0350,CAND02454,Finance,L1,Employee Referral,2025-04-07,2025-04-27,Offered,No,
REQ0351,CAND02455,Sales,L1,Employee Referral,2021-11-12,2021-12-16,Joined,Yes,EMP0351
REQ0351,CAND02456,Sales,L1,Employee Referral,2021-12-03,2022-01-06,Offered,No,
REQ0351,CAND02457,Sales,L1,Employee Referral,2021-11-03,,Applied,No,
REQ0351,CAND02458,Sales,L1,Recruitment Agency,2021-11-14,,Applied,No,
REQ0351,CAND02459,Sales,L1,Employee Referral,2021-10-30,,Screened,No,
REQ0352,CAND02460,Customer Success,L2,Employee Referral,2021-12-10,2022-01-10,Joined,Yes,EMP0352
REQ0352,CAND02461,Customer Success,L2,Employee Referral,2021-12-26,,Interviewed,No,
REQ0352,CAND02462,Customer Success,L2,Naukri,2021-12-24,,Applied,No,
REQ0352,CAND02463,Customer Success,L2,Recruitment Agency,2021-12-21,,Applied,No,
REQ0352,CAND02464,Customer Success,L2,LinkedIn,2021-11-30,,Applied,No,
REQ0352,CAND02465,Customer Success,L2,LinkedIn,2021-12-16,,Screened,No,
REQ0352,CAND02466,Customer Success,L2,LinkedIn,2021-12-22,,Applied,No,
REQ0352,CAND02467,Customer Success,L2,Careers Site,2021-12-26,,Applied,No,
REQ0352,CAND02468,Customer Success,L2,Campus,2021-12-09,,Applied,No,
REQ0352,CAND02469,Customer Success,L2,Employee Referral,2021-12-09,,Screened,No,
REQ0353,CAND02470,Operations,L1,LinkedIn,2025-07-06,2025-07-25,Joined,Yes,EMP0353
REQ0353,CAND02471,Operations,L1,Naukri,2025-06-26,,Applied,No,
REQ0353,CAND02472,Operations,L1,Employee Referral,2025-07-18,2025-08-28,Offered,No,
REQ0353,CAND02473,Operations,L1,Employee Referral,2025-06-26,,Screened,No,
REQ0354,CAND02474,Engineering,L2,Recruitment Agency,2024-03-06,2024-03-11,Joined,Yes,EMP0354
REQ0354,CAND02475,Engineering,L2,Careers Site,2024-03-15,,Applied,No,
REQ0354,CAND02476,Engineering,L2,Careers Site,2024-02-23,,Interviewed,No,
REQ0354,CAND02477,Engineering,L2,LinkedIn,2024-03-24,,Applied,No,
REQ0354,CAND02478,Engineering,L2,Employee Referral,2024-03-24,2024-04-30,Offered,No,
REQ0354,CAND02479,Engineering,L2,Recruitment Agency,2024-03-08,,Applied,No,
REQ0355,CAND02480,Sales,L4,Employee Referral,2021-03-03,2021-04-28,Joined,Yes,EMP0355
REQ0355,CAND02481,Sales,L4,Campus,2021-02-20,,Interviewed,No,
REQ0355,CAND02482,Sales,L4,Careers Site,2021-03-07,,Interviewed,No,
REQ0355,CAND02483,Sales,L4,Naukri,2021-03-02,,Screened,No,
REQ0355,CAND02484,Sales,L4,Recruitment Agency,2021-03-19,,Applied,No,
REQ0355,CAND02485,Sales,L4,Employee Referral,2021-03-23,2021-04-24,Offered,No,
REQ0356,CAND02486,Product,L3,Naukri,2023-02-14,2023-04-14,Joined,Yes,EMP0356
REQ0356,CAND02487,Product,L3,Employee Referral,2023-02-24,2023-03-28,Offered,No,
REQ0356,CAND02488,Product,L3,Employee Referral,2023-02-10,2023-03-16,Offered,No,
REQ0356,CAND02489,Product,L3,LinkedIn,2023-02-03,,Applied,No,
REQ0356,CAND02490,Product,L3,LinkedIn,2023-02-01,,Applied,No,
REQ0356,CAND02491,Product,L3,Campus,2023-02-01,,Applied,No,
REQ0357,CAND02492,Sales,L3,LinkedIn,2022-01-13,2022-03-03,Joined,Yes,EMP0357
REQ0357,CAND02493,Sales,L3,Careers Site,2022-01-10,,Interviewed,No,
REQ0357,CAND02494,Sales,L3,Recruitment Agency,2021-12-30,,Applied,No,
REQ0357,CAND02495,Sales,L3,LinkedIn,2021-12-31,,Applied,No,
REQ0357,CAND02496,Sales,L3,LinkedIn,2022-01-19,,Interviewed,No,
REQ0357,CAND02497,Sales,L3,Employee Referral,2022-01-13,,Interviewed,No,
REQ0358,CAND02498,Engineering,L2,Campus,2024-02-12,2024-03-11,Joined,Yes,EMP0358
REQ0358,CAND02499,Engineering,L2,Recruitment Agency,2024-02-17,,Applied,No,
REQ0358,CAND02500,Engineering,L2,Recruitment Agency,2024-02-19,,Applied,No,
REQ0358,CAND02501,Engineering,L2,Recruitment Agency,2024-02-28,,Screened,No,
REQ0358,CAND02502,Engineering,L2,Naukri,2024-02-24,,Interviewed,No,
REQ0358,CAND02503,Engineering,L2,LinkedIn,2024-02-13,,Applied,No,
REQ0358,CAND02504,Engineering,L2,Naukri,2024-02-17,,Screened,No,
REQ0358,CAND02505,Engineering,L2,LinkedIn,2024-02-19,,Screened,No,
REQ0358,CAND02506,Engineering,L2,Naukri,2024-02-19,,Applied,No,
REQ0359,CAND02507,Customer Success,L1,Campus,2020-12-14,2021-01-15,Joined,Yes,EMP0359
REQ0359,CAND02508,Customer Success,L1,Campus,2020-12-04,,Screened,No,
REQ0359,CAND02509,Customer Success,L1,Naukri,2020-12-20,,Applied,No,
REQ0359,CAND02510,Customer Success,L1,Naukri,2020-12-18,,Applied,No,
REQ0359,CAND02511,Customer Success,L1,Careers Site,2020-12-25,,Applied,No,
REQ0360,CAND02512,Customer Success,L2,Campus,2023-10-18,2023-11-02,Joined,Yes,EMP0360
REQ0360,CAND02513,Customer Success,L2,Recruitment Agency,2023-10-21,,Screened,No,
REQ0360,CAND02514,Customer Success,L2,Careers Site,2023-10-18,,Screened,No,
REQ0360,CAND02515,Customer Success,L2,Recruitment Agency,2023-10-11,,Applied,No,
REQ0360,CAND02516,Customer Success,L2,Employee Referral,2023-10-15,2023-11-19,Offered,No,
REQ0360,CAND02517,Customer Success,L2,Employee Referral,2023-10-06,2023-11-04,Offered,No,
REQ0360,CAND02518,Customer Success,L2,LinkedIn,2023-10-12,,Interviewed,No,
REQ0360,CAND02519,Customer Success,L2,LinkedIn,2023-10-07,,Screened,No,
REQ0360,CAND02520,Customer Success,L2,Employee Referral,2023-10-04,,Screened,No,
REQ0361,CAND02521,Customer Success,L3,LinkedIn,2023-02-12,2023-05-09,Joined,Yes,EMP0361
REQ0361,CAND02522,Customer Success,L3,Naukri,2023-01-29,,Applied,No,
REQ0361,CAND02523,Customer Success,L3,Naukri,2023-03-03,,Applied,No,
REQ0361,CAND02524,Customer Success,L3,Employee Referral,2023-02-02,2023-03-01,Offered,No,
REQ0361,CAND02525,Customer Success,L3,Employee Referral,2023-03-04,,Screened,No,
REQ0361,CAND02526,Customer Success,L3,Recruitment Agency,2023-02-16,,Applied,No,
REQ0361,CAND02527,Customer Success,L3,Employee Referral,2023-02-10,,Interviewed,No,
REQ0361,CAND02528,Customer Success,L3,Naukri,2023-02-28,,Screened,No,
REQ0362,CAND02529,Engineering,L3,LinkedIn,2022-10-17,2022-11-04,Joined,Yes,EMP0362
REQ0362,CAND02530,Engineering,L3,Careers Site,2022-11-02,,Applied,No,
REQ0362,CAND02531,Engineering,L3,Naukri,2022-10-13,,Applied,No,
REQ0362,CAND02532,Engineering,L3,Naukri,2022-10-07,,Screened,No,
REQ0362,CAND02533,Engineering,L3,Careers Site,2022-10-13,,Interviewed,No,
REQ0362,CAND02534,Engineering,L3,Employee Referral,2022-10-16,,Screened,No,
REQ0362,CAND02535,Engineering,L3,Recruitment Agency,2022-10-17,,Applied,No,
REQ0362,CAND02536,Engineering,L3,Employee Referral,2022-11-07,,Screened,No,
REQ0362,CAND02537,Engineering,L3,Employee Referral,2022-10-13,,Interviewed,No,
REQ0363,CAND02538,Engineering,L1,Campus,2023-02-25,2023-04-12,Joined,Yes,EMP0363
REQ0363,CAND02539,Engineering,L1,Recruitment Agency,2023-02-26,,Applied,No,
REQ0363,CAND02540,Engineering,L1,LinkedIn,2023-03-13,,Applied,No,
REQ0363,CAND02541,Engineering,L1,Naukri,2023-02-18,,Applied,No,
REQ0363,CAND02542,Engineering,L1,LinkedIn,2023-03-11,,Applied,No,
REQ0363,CAND02543,Engineering,L1,Recruitment Agency,2023-03-12,,Screened,No,
REQ0363,CAND02544,Engineering,L1,LinkedIn,2023-02-14,,Interviewed,No,
REQ0364,CAND02545,Engineering,L4,LinkedIn,2024-07-10,2024-07-25,Joined,Yes,EMP0364
REQ0364,CAND02546,Engineering,L4,LinkedIn,2024-06-26,,Applied,No,
REQ0364,CAND02547,Engineering,L4,Naukri,2024-07-20,,Screened,No,
REQ0364,CAND02548,Engineering,L4,Naukri,2024-06-28,,Applied,No,
REQ0364,CAND02549,Engineering,L4,Naukri,2024-06-28,,Screened,No,
REQ0364,CAND02550,Engineering,L4,Recruitment Agency,2024-07-12,,Screened,No,
REQ0364,CAND02551,Engineering,L4,Campus,2024-07-08,,Applied,No,
REQ0364,CAND02552,Engineering,L4,Employee Referral,2024-07-19,2024-09-02,Offered,No,
REQ0365,CAND02553,Marketing,L6,Recruitment Agency,2020-06-18,2020-07-12,Joined,Yes,EMP0365
REQ0365,CAND02554,Marketing,L6,Careers Site,2020-06-21,,Screened,No,
REQ0365,CAND02555,Marketing,L6,Naukri,2020-06-24,,Applied,No,
REQ0365,CAND02556,Marketing,L6,LinkedIn,2020-06-19,,Applied,No,
REQ0365,CAND02557,Marketing,L6,Careers Site,2020-06-22,,Screened,No,
REQ0366,CAND02558,Engineering,L2,Naukri,2020-07-27,2020-08-19,Joined,Yes,EMP0366
REQ0366,CAND02559,Engineering,L2,Employee Referral,2020-07-16,2020-08-12,Offered,No,
REQ0366,CAND02560,Engineering,L2,LinkedIn,2020-07-18,,Interviewed,No,
REQ0366,CAND02561,Engineering,L2,Employee Referral,2020-07-16,,Applied,No,
REQ0366,CAND02562,Engineering,L2,Campus,2020-08-07,,Applied,No,
REQ0366,CAND02563,Engineering,L2,Campus,2020-07-17,,Applied,No,
REQ0366,CAND02564,Engineering,L2,LinkedIn,2020-07-29,,Applied,No,
REQ0366,CAND02565,Engineering,L2,Employee Referral,2020-07-13,,Applied,No,
REQ0367,CAND02566,Human Resources,L1,Campus,2022-12-17,2023-03-01,Joined,Yes,EMP0367
REQ0367,CAND02567,Human Resources,L1,Employee Referral,2022-12-30,2023-01-22,Offered,No,
REQ0367,CAND02568,Human Resources,L1,Employee Referral,2022-12-04,,Interviewed,No,
REQ0367,CAND02569,Human Resources,L1,Careers Site,2022-12-15,,Screened,No,
REQ0367,CAND02570,Human Resources,L1,LinkedIn,2022-12-05,,Applied,No,
REQ0367,CAND02571,Human Resources,L1,Employee Referral,2022-12-21,,Screened,No,
REQ0367,CAND02572,Human Resources,L1,LinkedIn,2022-12-06,,Applied,No,
REQ0367,CAND02573,Human Resources,L1,Employee Referral,2022-12-29,2023-02-04,Offered,No,
REQ0367,CAND02574,Human Resources,L1,Campus,2022-12-22,,Screened,No,
REQ0368,CAND02575,Engineering,L1,Naukri,2026-05-16,2026-05-22,Joined,Yes,EMP0368
REQ0368,CAND02576,Engineering,L1,Naukri,2026-05-28,,Applied,No,
REQ0368,CAND02577,Engineering,L1,Naukri,2026-06-04,,Screened,No,
REQ0368,CAND02578,Engineering,L1,Careers Site,2026-06-04,,Screened,No,
REQ0368,CAND02579,Engineering,L1,LinkedIn,2026-05-06,,Applied,No,
REQ0369,CAND02580,Marketing,L4,Campus,2018-10-16,2019-01-11,Joined,Yes,EMP0369
REQ0369,CAND02581,Marketing,L4,Employee Referral,2018-10-03,,Screened,No,
REQ0369,CAND02582,Marketing,L4,LinkedIn,2018-10-18,,Screened,No,
REQ0369,CAND02583,Marketing,L4,Recruitment Agency,2018-10-15,,Interviewed,No,
REQ0369,CAND02584,Marketing,L4,Naukri,2018-10-26,,Applied,No,
REQ0369,CAND02585,Marketing,L4,Employee Referral,2018-10-30,,Interviewed,No,
REQ0369,CAND02586,Marketing,L4,Campus,2018-10-31,,Applied,No,
REQ0369,CAND02587,Marketing,L4,LinkedIn,2018-10-03,,Screened,No,
REQ0369,CAND02588,Marketing,L4,LinkedIn,2018-11-02,,Applied,No,
REQ0370,CAND02589,Sales,L1,Campus,2022-08-18,2022-10-24,Joined,Yes,EMP0370
REQ0370,CAND02590,Sales,L1,LinkedIn,2022-09-01,,Applied,No,
REQ0370,CAND02591,Sales,L1,Recruitment Agency,2022-08-23,,Applied,No,
REQ0370,CAND02592,Sales,L1,Employee Referral,2022-08-28,2022-09-27,Offered,No,
REQ0370,CAND02593,Sales,L1,LinkedIn,2022-09-07,,Applied,No,
REQ0371,CAND02594,Operations,L1,LinkedIn,2018-11-08,2018-12-13,Joined,Yes,EMP0371
REQ0371,CAND02595,Operations,L1,LinkedIn,2018-10-27,,Screened,No,
REQ0371,CAND02596,Operations,L1,Recruitment Agency,2018-11-01,,Screened,No,
REQ0371,CAND02597,Operations,L1,Campus,2018-11-29,,Interviewed,No,
REQ0371,CAND02598,Operations,L1,Recruitment Agency,2018-11-16,,Applied,No,
REQ0371,CAND02599,Operations,L1,Employee Referral,2018-11-29,,Screened,No,
REQ0372,CAND02600,Engineering,L1,Campus,2024-02-18,2024-04-16,Joined,Yes,EMP0372
REQ0372,CAND02601,Engineering,L1,Naukri,2024-02-04,,Applied,No,
REQ0372,CAND02602,Engineering,L1,Careers Site,2024-02-16,,Applied,No,
REQ0372,CAND02603,Engineering,L1,Employee Referral,2024-02-28,,Screened,No,
REQ0372,CAND02604,Engineering,L1,Employee Referral,2024-02-05,,Interviewed,No,
REQ0372,CAND02605,Engineering,L1,Employee Referral,2024-02-17,2024-03-18,Offered,No,
REQ0372,CAND02606,Engineering,L1,Recruitment Agency,2024-03-10,,Interviewed,No,
REQ0373,CAND02607,Marketing,L4,Recruitment Agency,2019-11-21,2020-01-09,Joined,Yes,EMP0373
REQ0373,CAND02608,Marketing,L4,Naukri,2019-12-06,,Applied,No,
REQ0373,CAND02609,Marketing,L4,Campus,2019-11-30,,Applied,No,
REQ0373,CAND02610,Marketing,L4,Employee Referral,2019-12-02,,Screened,No,
REQ0374,CAND02611,Engineering,L2,Employee Referral,2025-04-22,2025-06-29,Joined,Yes,EMP0374
REQ0374,CAND02612,Engineering,L2,Careers Site,2025-04-09,,Applied,No,
REQ0374,CAND02613,Engineering,L2,Recruitment Agency,2025-04-11,,Applied,No,
REQ0374,CAND02614,Engineering,L2,Careers Site,2025-04-13,,Applied,No,
REQ0374,CAND02615,Engineering,L2,Naukri,2025-04-14,,Applied,No,
REQ0375,CAND02616,Product,L3,LinkedIn,2021-01-06,2021-02-28,Joined,Yes,EMP0375
REQ0375,CAND02617,Product,L3,Recruitment Agency,2021-01-09,,Screened,No,
REQ0375,CAND02618,Product,L3,Employee Referral,2021-01-10,2021-02-10,Offered,No,
REQ0375,CAND02619,Product,L3,Employee Referral,2021-01-09,,Screened,No,
REQ0375,CAND02620,Product,L3,LinkedIn,2021-01-27,,Applied,No,
REQ0376,CAND02621,Engineering,L1,Employee Referral,2023-04-07,2023-04-26,Joined,Yes,EMP0376
REQ0376,CAND02622,Engineering,L1,Naukri,2023-04-23,,Applied,No,
REQ0376,CAND02623,Engineering,L1,Recruitment Agency,2023-04-12,,Applied,No,
REQ0376,CAND02624,Engineering,L1,Careers Site,2023-04-24,,Screened,No,
REQ0376,CAND02625,Engineering,L1,Careers Site,2023-04-03,,Applied,No,
REQ0377,CAND02626,Engineering,L2,LinkedIn,2021-09-20,2021-11-20,Joined,Yes,EMP0377
REQ0377,CAND02627,Engineering,L2,LinkedIn,2021-09-16,,Applied,No,
REQ0377,CAND02628,Engineering,L2,Naukri,2021-09-14,,Screened,No,
REQ0377,CAND02629,Engineering,L2,Recruitment Agency,2021-09-08,,Applied,No,
REQ0377,CAND02630,Engineering,L2,LinkedIn,2021-10-09,,Applied,No,
REQ0377,CAND02631,Engineering,L2,Employee Referral,2021-10-03,,Applied,No,
REQ0378,CAND02632,Customer Success,L1,Employee Referral,2019-04-26,2019-07-12,Joined,Yes,EMP0378
REQ0378,CAND02633,Customer Success,L1,Recruitment Agency,2019-04-30,,Screened,No,
REQ0378,CAND02634,Customer Success,L1,LinkedIn,2019-04-20,,Screened,No,
REQ0378,CAND02635,Customer Success,L1,Recruitment Agency,2019-04-19,,Applied,No,
REQ0378,CAND02636,Customer Success,L1,LinkedIn,2019-05-03,,Screened,No,
REQ0378,CAND02637,Customer Success,L1,Naukri,2019-04-24,,Applied,No,
REQ0378,CAND02638,Customer Success,L1,LinkedIn,2019-04-13,,Interviewed,No,
REQ0378,CAND02639,Customer Success,L1,LinkedIn,2019-05-16,,Applied,No,
REQ0378,CAND02640,Customer Success,L1,Employee Referral,2019-05-08,,Screened,No,
REQ0378,CAND02641,Customer Success,L1,Campus,2019-04-19,,Applied,No,
REQ0379,CAND02642,Human Resources,L1,Careers Site,2024-01-18,2024-02-02,Joined,Yes,EMP0379
REQ0379,CAND02643,Human Resources,L1,Employee Referral,2024-02-04,,Interviewed,No,
REQ0379,CAND02644,Human Resources,L1,Recruitment Agency,2024-01-29,,Applied,No,
REQ0379,CAND02645,Human Resources,L1,Naukri,2024-02-07,,Applied,No,
REQ0379,CAND02646,Human Resources,L1,Naukri,2024-01-31,,Applied,No,
REQ0379,CAND02647,Human Resources,L1,Naukri,2024-02-06,,Applied,No,
REQ0379,CAND02648,Human Resources,L1,LinkedIn,2024-01-30,,Applied,No,
REQ0379,CAND02649,Human Resources,L1,Naukri,2024-01-18,,Interviewed,No,
REQ0379,CAND02650,Human Resources,L1,LinkedIn,2024-01-27,,Applied,No,
REQ0380,CAND02651,Finance,L2,Careers Site,2021-04-18,2021-05-24,Joined,Yes,EMP0380
REQ0380,CAND02652,Finance,L2,Naukri,2021-05-01,,Applied,No,
REQ0380,CAND02653,Finance,L2,Naukri,2021-04-27,,Interviewed,No,
REQ0380,CAND02654,Finance,L2,Employee Referral,2021-04-28,2021-06-01,Offered,No,
REQ0380,CAND02655,Finance,L2,Campus,2021-04-16,,Applied,No,
REQ0380,CAND02656,Finance,L2,Careers Site,2021-05-07,,Applied,No,
REQ0380,CAND02657,Finance,L2,LinkedIn,2021-05-06,2021-06-11,Offered,No,
REQ0380,CAND02658,Finance,L2,Careers Site,2021-04-18,2021-05-17,Offered,No,
REQ0380,CAND02659,Finance,L2,Careers Site,2021-05-08,2021-06-05,Offered,No,
REQ0381,CAND02660,Finance,L3,Employee Referral,2019-01-08,2019-01-29,Joined,Yes,EMP0381
REQ0381,CAND02661,Finance,L3,LinkedIn,2019-01-08,,Applied,No,
REQ0381,CAND02662,Finance,L3,Careers Site,2019-01-14,,Applied,No,
REQ0381,CAND02663,Finance,L3,LinkedIn,2019-01-18,2019-02-12,Offered,No,
REQ0381,CAND02664,Finance,L3,LinkedIn,2018-12-30,,Applied,No,
REQ0381,CAND02665,Finance,L3,Campus,2019-01-07,,Applied,No,
REQ0382,CAND02666,Engineering,L3,Campus,2022-12-24,2023-02-19,Joined,Yes,EMP0382
REQ0382,CAND02667,Engineering,L3,LinkedIn,2022-12-22,,Applied,No,
REQ0382,CAND02668,Engineering,L3,Careers Site,2022-12-14,,Screened,No,
REQ0382,CAND02669,Engineering,L3,Campus,2023-01-03,,Screened,No,
REQ0383,CAND02670,Sales,L6,Careers Site,2024-10-19,2024-11-12,Joined,Yes,EMP0383
REQ0383,CAND02671,Sales,L6,Careers Site,2024-10-08,,Applied,No,
REQ0383,CAND02672,Sales,L6,Campus,2024-10-13,,Applied,No,
REQ0383,CAND02673,Sales,L6,Employee Referral,2024-10-17,2024-11-18,Offered,No,
REQ0383,CAND02674,Sales,L6,LinkedIn,2024-11-06,,Screened,No,
REQ0384,CAND02675,Customer Success,L2,Recruitment Agency,2018-10-12,2018-12-22,Joined,Yes,EMP0384
REQ0384,CAND02676,Customer Success,L2,Employee Referral,2018-10-14,2018-11-23,Offered,No,
REQ0384,CAND02677,Customer Success,L2,LinkedIn,2018-10-28,,Applied,No,
REQ0384,CAND02678,Customer Success,L2,LinkedIn,2018-10-04,2018-11-11,Offered,No,
REQ0384,CAND02679,Customer Success,L2,Employee Referral,2018-10-19,,Interviewed,No,
REQ0384,CAND02680,Customer Success,L2,Naukri,2018-10-02,,Applied,No,
REQ0384,CAND02681,Customer Success,L2,Careers Site,2018-10-31,,Applied,No,
REQ0384,CAND02682,Customer Success,L2,Campus,2018-10-05,,Interviewed,No,
REQ0384,CAND02683,Customer Success,L2,LinkedIn,2018-11-02,,Applied,No,
REQ0385,CAND02684,Engineering,L2,Careers Site,2021-06-13,2021-08-10,Joined,Yes,EMP0385
REQ0385,CAND02685,Engineering,L2,Careers Site,2021-06-16,,Screened,No,
REQ0385,CAND02686,Engineering,L2,Employee Referral,2021-06-30,2021-07-29,Offered,No,
REQ0385,CAND02687,Engineering,L2,Naukri,2021-05-30,,Applied,No,
REQ0385,CAND02688,Engineering,L2,Naukri,2021-06-11,,Screened,No,
REQ0385,CAND02689,Engineering,L2,Employee Referral,2021-06-27,,Screened,No,
REQ0386,CAND02690,Customer Success,L2,Employee Referral,2021-03-26,2021-04-23,Joined,Yes,EMP0386
REQ0386,CAND02691,Customer Success,L2,Naukri,2021-03-19,,Screened,No,
REQ0386,CAND02692,Customer Success,L2,Employee Referral,2021-04-16,2021-05-12,Offered,No,
REQ0386,CAND02693,Customer Success,L2,Careers Site,2021-03-12,,Screened,No,
REQ0386,CAND02694,Customer Success,L2,Careers Site,2021-03-14,,Applied,No,
REQ0386,CAND02695,Customer Success,L2,LinkedIn,2021-03-13,,Applied,No,
REQ0386,CAND02696,Customer Success,L2,Campus,2021-03-29,,Applied,No,
REQ0386,CAND02697,Customer Success,L2,LinkedIn,2021-03-22,2021-04-22,Offered,No,
REQ0387,CAND02698,Operations,L6,LinkedIn,2023-10-10,2023-11-17,Joined,Yes,EMP0387
REQ0387,CAND02699,Operations,L6,LinkedIn,2023-10-04,,Screened,No,
REQ0387,CAND02700,Operations,L6,Employee Referral,2023-10-16,,Interviewed,No,
REQ0387,CAND02701,Operations,L6,Naukri,2023-09-27,,Screened,No,
REQ0387,CAND02702,Operations,L6,Employee Referral,2023-10-28,,Screened,No,
REQ0388,CAND02703,Finance,L5,LinkedIn,2020-02-12,2020-03-22,Joined,Yes,EMP0388
REQ0388,CAND02704,Finance,L5,Naukri,2020-02-20,,Interviewed,No,
REQ0388,CAND02705,Finance,L5,LinkedIn,2020-02-07,,Interviewed,No,
REQ0388,CAND02706,Finance,L5,LinkedIn,2020-02-14,,Applied,No,
REQ0388,CAND02707,Finance,L5,LinkedIn,2020-02-26,,Applied,No,
REQ0389,CAND02708,Sales,L4,Employee Referral,2024-12-17,2025-03-11,Joined,Yes,EMP0389
REQ0389,CAND02709,Sales,L4,Recruitment Agency,2024-12-03,,Applied,No,
REQ0389,CAND02710,Sales,L4,LinkedIn,2025-01-02,,Applied,No,
REQ0389,CAND02711,Sales,L4,Employee Referral,2025-01-05,,Applied,No,
REQ0389,CAND02712,Sales,L4,LinkedIn,2024-12-23,,Screened,No,
REQ0389,CAND02713,Sales,L4,LinkedIn,2024-12-27,,Applied,No,
REQ0389,CAND02714,Sales,L4,Recruitment Agency,2024-12-09,,Applied,No,
REQ0389,CAND02715,Sales,L4,LinkedIn,2024-12-20,,Screened,No,
REQ0389,CAND02716,Sales,L4,LinkedIn,2024-12-07,2024-12-28,Offered,No,
REQ0390,CAND02717,Customer Success,L6,Employee Referral,2023-09-15,2023-10-30,Joined,Yes,EMP0390
REQ0390,CAND02718,Customer Success,L6,Naukri,2023-10-02,,Screened,No,
REQ0390,CAND02719,Customer Success,L6,Campus,2023-10-04,,Screened,No,
REQ0390,CAND02720,Customer Success,L6,Employee Referral,2023-09-15,,Screened,No,
REQ0390,CAND02721,Customer Success,L6,Naukri,2023-09-02,,Applied,No,
REQ0390,CAND02722,Customer Success,L6,LinkedIn,2023-09-07,,Applied,No,
REQ0390,CAND02723,Customer Success,L6,Naukri,2023-09-28,,Interviewed,No,
REQ0391,CAND02724,Engineering,L2,Careers Site,2022-02-06,2022-03-13,Joined,Yes,EMP0391
REQ0391,CAND02725,Engineering,L2,Naukri,2022-01-27,,Screened,No,
REQ0391,CAND02726,Engineering,L2,LinkedIn,2022-02-20,2022-03-12,Offered,No,
REQ0391,CAND02727,Engineering,L2,Employee Referral,2022-02-13,,Screened,No,
REQ0391,CAND02728,Engineering,L2,LinkedIn,2022-02-21,2022-03-24,Offered,No,
REQ0391,CAND02729,Engineering,L2,Naukri,2022-02-16,,Applied,No,
REQ0392,CAND02730,Engineering,L4,Employee Referral,2020-03-05,2020-05-23,Joined,Yes,EMP0392
REQ0392,CAND02731,Engineering,L4,Employee Referral,2020-03-22,,Applied,No,
REQ0392,CAND02732,Engineering,L4,Campus,2020-03-06,,Screened,No,
REQ0392,CAND02733,Engineering,L4,Recruitment Agency,2020-02-23,,Screened,No,
REQ0392,CAND02734,Engineering,L4,Campus,2020-02-20,,Screened,No,
REQ0392,CAND02735,Engineering,L4,Employee Referral,2020-03-13,,Interviewed,No,
REQ0392,CAND02736,Engineering,L4,Employee Referral,2020-03-19,2020-04-24,Offered,No,
REQ0392,CAND02737,Engineering,L4,LinkedIn,2020-03-20,,Interviewed,No,
REQ0392,CAND02738,Engineering,L4,Naukri,2020-03-12,,Applied,No,
REQ0392,CAND02739,Engineering,L4,Employee Referral,2020-03-06,,Screened,No,
REQ0393,CAND02740,Engineering,L1,Naukri,2019-06-14,2019-09-06,Joined,Yes,EMP0393
REQ0393,CAND02741,Engineering,L1,Naukri,2019-06-21,,Applied,No,
REQ0393,CAND02742,Engineering,L1,Careers Site,2019-06-24,,Applied,No,
REQ0393,CAND02743,Engineering,L1,Naukri,2019-06-23,,Screened,No,
REQ0393,CAND02744,Engineering,L1,Recruitment Agency,2019-06-03,,Applied,No,
REQ0393,CAND02745,Engineering,L1,Employee Referral,2019-07-04,2019-07-27,Offered,No,
REQ0393,CAND02746,Engineering,L1,Naukri,2019-06-05,,Applied,No,
REQ0394,CAND02747,Sales,L1,Campus,2024-08-09,2024-08-31,Joined,Yes,EMP0394
REQ0394,CAND02748,Sales,L1,Employee Referral,2024-07-26,,Screened,No,
REQ0394,CAND02749,Sales,L1,Recruitment Agency,2024-08-02,,Applied,No,
REQ0394,CAND02750,Sales,L1,Employee Referral,2024-08-14,,Screened,No,
REQ0394,CAND02751,Sales,L1,Employee Referral,2024-08-11,2024-09-02,Offered,No,
REQ0394,CAND02752,Sales,L1,Employee Referral,2024-08-29,2024-09-23,Offered,No,
REQ0394,CAND02753,Sales,L1,LinkedIn,2024-08-16,,Applied,No,
REQ0394,CAND02754,Sales,L1,LinkedIn,2024-08-21,,Screened,No,
REQ0395,CAND02755,Marketing,L1,Employee Referral,2022-02-21,2022-05-27,Joined,Yes,EMP0395
REQ0395,CAND02756,Marketing,L1,Naukri,2022-03-12,,Screened,No,
REQ0395,CAND02757,Marketing,L1,Naukri,2022-02-27,,Applied,No,
REQ0395,CAND02758,Marketing,L1,LinkedIn,2022-02-22,,Applied,No,
REQ0395,CAND02759,Marketing,L1,Careers Site,2022-03-14,,Interviewed,No,
REQ0395,CAND02760,Marketing,L1,Naukri,2022-02-18,,Screened,No,
REQ0395,CAND02761,Marketing,L1,Recruitment Agency,2022-03-14,,Applied,No,
REQ0395,CAND02762,Marketing,L1,Employee Referral,2022-02-11,,Screened,No,
REQ0396,CAND02763,Marketing,L3,LinkedIn,2022-09-15,2022-12-02,Joined,Yes,EMP0396
REQ0396,CAND02764,Marketing,L3,LinkedIn,2022-09-03,,Applied,No,
REQ0396,CAND02765,Marketing,L3,LinkedIn,2022-10-06,,Interviewed,No,
REQ0396,CAND02766,Marketing,L3,Employee Referral,2022-09-17,,Screened,No,
REQ0396,CAND02767,Marketing,L3,Careers Site,2022-09-11,,Applied,No,
REQ0397,CAND02768,Finance,L3,LinkedIn,2019-11-02,2019-11-29,Joined,Yes,EMP0397
REQ0397,CAND02769,Finance,L3,Recruitment Agency,2019-11-14,,Applied,No,
REQ0397,CAND02770,Finance,L3,Employee Referral,2019-11-03,,Interviewed,No,
REQ0397,CAND02771,Finance,L3,Campus,2019-10-31,,Screened,No,
REQ0397,CAND02772,Finance,L3,Employee Referral,2019-11-09,,Screened,No,
REQ0397,CAND02773,Finance,L3,Naukri,2019-11-12,,Screened,No,
REQ0397,CAND02774,Finance,L3,Naukri,2019-10-29,,Screened,No,
REQ0397,CAND02775,Finance,L3,Campus,2019-11-02,,Screened,No,
REQ0397,CAND02776,Finance,L3,LinkedIn,2019-10-23,,Screened,No,
REQ0398,CAND02777,Customer Success,L2,Careers Site,2023-03-10,2023-05-06,Joined,Yes,EMP0398
REQ0398,CAND02778,Customer Success,L2,Employee Referral,2023-03-28,,Interviewed,No,
REQ0398,CAND02779,Customer Success,L2,Campus,2023-03-14,,Applied,No,
REQ0398,CAND02780,Customer Success,L2,Campus,2023-03-18,,Applied,No,
REQ0398,CAND02781,Customer Success,L2,Naukri,2023-03-20,,Applied,No,
REQ0398,CAND02782,Customer Success,L2,LinkedIn,2023-03-30,2023-05-04,Offered,No,
REQ0399,CAND02783,Sales,L3,Careers Site,2022-03-01,2022-05-09,Joined,Yes,EMP0399
REQ0399,CAND02784,Sales,L3,Careers Site,2022-02-20,,Applied,No,
REQ0399,CAND02785,Sales,L3,Naukri,2022-02-22,,Applied,No,
REQ0399,CAND02786,Sales,L3,LinkedIn,2022-03-18,,Applied,No,
REQ0399,CAND02787,Sales,L3,LinkedIn,2022-02-19,,Screened,No,
REQ0400,CAND02788,Sales,L4,Recruitment Agency,2021-08-08,2021-08-27,Joined,Yes,EMP0400
REQ0400,CAND02789,Sales,L4,LinkedIn,2021-08-28,,Applied,No,
REQ0400,CAND02790,Sales,L4,LinkedIn,2021-08-08,,Applied,No,
REQ0400,CAND02791,Sales,L4,Naukri,2021-08-01,,Interviewed,No,
REQ0400,CAND02792,Sales,L4,Employee Referral,2021-08-07,,Screened,No,
REQ0400,CAND02793,Sales,L4,LinkedIn,2021-08-03,,Interviewed,No,
REQ0400,CAND02794,Sales,L4,Campus,2021-08-02,,Applied,No,
REQ0400,CAND02795,Sales,L4,Careers Site,2021-08-26,,Interviewed,No,
REQ0400,CAND02796,Sales,L4,LinkedIn,2021-07-26,,Screened,No,
REQ0401,CAND02797,Engineering,L3,LinkedIn,2021-04-26,2021-06-07,Joined,Yes,EMP0401
REQ0401,CAND02798,Engineering,L3,Employee Referral,2021-04-19,,Screened,No,
REQ0401,CAND02799,Engineering,L3,Naukri,2021-04-19,,Screened,No,
REQ0401,CAND02800,Engineering,L3,LinkedIn,2021-04-23,,Applied,No,
REQ0401,CAND02801,Engineering,L3,Recruitment Agency,2021-05-07,,Applied,No,
REQ0401,CAND02802,Engineering,L3,Employee Referral,2021-04-25,,Interviewed,No,
REQ0402,CAND02803,Engineering,L1,Employee Referral,2020-05-08,2020-07-18,Joined,Yes,EMP0402
REQ0402,CAND02804,Engineering,L1,Employee Referral,2020-05-07,2020-05-29,Offered,No,
REQ0402,CAND02805,Engineering,L1,LinkedIn,2020-05-03,,Screened,No,
REQ0402,CAND02806,Engineering,L1,Recruitment Agency,2020-05-02,,Applied,No,
REQ0402,CAND02807,Engineering,L1,Naukri,2020-05-09,,Screened,No,
REQ0402,CAND02808,Engineering,L1,Naukri,2020-05-17,,Applied,No,
REQ0402,CAND02809,Engineering,L1,Campus,2020-04-25,,Interviewed,No,
REQ0402,CAND02810,Engineering,L1,Careers Site,2020-05-12,,Screened,No,
REQ0402,CAND02811,Engineering,L1,Naukri,2020-05-09,,Screened,No,
REQ0403,CAND02812,Marketing,L4,Employee Referral,2024-04-08,2024-04-29,Joined,Yes,EMP0403
REQ0403,CAND02813,Marketing,L4,LinkedIn,2024-04-01,,Screened,No,
REQ0403,CAND02814,Marketing,L4,Employee Referral,2024-04-03,2024-05-12,Offered,No,
REQ0403,CAND02815,Marketing,L4,Employee Referral,2024-04-09,,Interviewed,No,
REQ0403,CAND02816,Marketing,L4,Employee Referral,2024-04-02,,Screened,No,
REQ0403,CAND02817,Marketing,L4,Naukri,2024-04-14,,Applied,No,
REQ0403,CAND02818,Marketing,L4,LinkedIn,2024-04-01,,Applied,No,
REQ0403,CAND02819,Marketing,L4,Careers Site,2024-04-29,,Screened,No,
REQ0403,CAND02820,Marketing,L4,LinkedIn,2024-04-13,2024-05-23,Offered,No,
REQ0404,CAND02821,Engineering,L1,Naukri,2021-12-09,2022-01-24,Joined,Yes,EMP0404
REQ0404,CAND02822,Engineering,L1,Recruitment Agency,2021-12-26,,Applied,No,
REQ0404,CAND02823,Engineering,L1,Recruitment Agency,2021-12-20,,Applied,No,
REQ0404,CAND02824,Engineering,L1,Employee Referral,2021-12-25,,Screened,No,
REQ0404,CAND02825,Engineering,L1,Naukri,2021-12-04,,Applied,No,
REQ0404,CAND02826,Engineering,L1,Naukri,2021-12-13,,Applied,No,
REQ0404,CAND02827,Engineering,L1,Employee Referral,2021-12-29,2022-01-26,Offered,No,
REQ0404,CAND02828,Engineering,L1,LinkedIn,2021-12-28,2022-01-24,Offered,No,
REQ0404,CAND02829,Engineering,L1,LinkedIn,2021-11-25,,Screened,No,
REQ0404,CAND02830,Engineering,L1,Employee Referral,2021-11-30,2022-01-08,Offered,No,
REQ0405,CAND02831,Engineering,L3,Employee Referral,2022-01-11,2022-02-21,Joined,Yes,EMP0405
REQ0405,CAND02832,Engineering,L3,Careers Site,2022-01-20,,Interviewed,No,
REQ0405,CAND02833,Engineering,L3,Careers Site,2022-01-05,,Screened,No,
REQ0405,CAND02834,Engineering,L3,Campus,2022-01-27,,Applied,No,
REQ0406,CAND02835,Human Resources,L2,LinkedIn,2024-01-06,2024-02-13,Joined,Yes,EMP0406
REQ0406,CAND02836,Human Resources,L2,Naukri,2024-01-20,,Screened,No,
REQ0406,CAND02837,Human Resources,L2,Recruitment Agency,2024-01-26,,Screened,No,
REQ0406,CAND02838,Human Resources,L2,Campus,2023-12-23,,Interviewed,No,
REQ0406,CAND02839,Human Resources,L2,Careers Site,2023-12-29,,Applied,No,
REQ0407,CAND02840,Engineering,L4,Employee Referral,2022-04-30,2022-07-06,Joined,Yes,EMP0407
REQ0407,CAND02841,Engineering,L4,Naukri,2022-05-14,,Interviewed,No,
REQ0407,CAND02842,Engineering,L4,Naukri,2022-05-17,,Applied,No,
REQ0407,CAND02843,Engineering,L4,Employee Referral,2022-05-18,,Interviewed,No,
REQ0407,CAND02844,Engineering,L4,Employee Referral,2022-05-18,2022-06-27,Offered,No,
REQ0407,CAND02845,Engineering,L4,Naukri,2022-05-06,,Applied,No,
REQ0407,CAND02846,Engineering,L4,LinkedIn,2022-05-01,,Applied,No,
REQ0407,CAND02847,Engineering,L4,LinkedIn,2022-05-16,,Interviewed,No,
REQ0407,CAND02848,Engineering,L4,LinkedIn,2022-05-03,,Applied,No,
REQ0408,CAND02849,Sales,L4,Recruitment Agency,2024-08-30,2024-10-18,Joined,Yes,EMP0408
REQ0408,CAND02850,Sales,L4,Naukri,2024-09-20,,Screened,No,
REQ0408,CAND02851,Sales,L4,LinkedIn,2024-09-12,,Screened,No,
REQ0408,CAND02852,Sales,L4,Recruitment Agency,2024-09-04,,Screened,No,
REQ0408,CAND02853,Sales,L4,Naukri,2024-08-31,,Screened,No,
REQ0408,CAND02854,Sales,L4,Recruitment Agency,2024-08-22,,Applied,No,
REQ0408,CAND02855,Sales,L4,LinkedIn,2024-09-15,,Applied,No,
REQ0409,CAND02856,Sales,L3,Careers Site,2023-06-27,2023-08-09,Joined,Yes,EMP0409
REQ0409,CAND02857,Sales,L3,Employee Referral,2023-06-19,2023-07-14,Offered,No,
REQ0409,CAND02858,Sales,L3,Careers Site,2023-06-14,,Screened,No,
REQ0409,CAND02859,Sales,L3,Employee Referral,2023-06-16,2023-07-28,Offered,No,
REQ0409,CAND02860,Sales,L3,Employee Referral,2023-07-13,,Interviewed,No,
REQ0409,CAND02861,Sales,L3,Recruitment Agency,2023-06-18,,Screened,No,
REQ0409,CAND02862,Sales,L3,LinkedIn,2023-07-04,,Screened,No,
REQ0409,CAND02863,Sales,L3,LinkedIn,2023-06-14,,Applied,No,
REQ0410,CAND02864,Engineering,L3,Campus,2021-09-09,2021-11-01,Joined,Yes,EMP0410
REQ0410,CAND02865,Engineering,L3,Careers Site,2021-09-23,,Screened,No,
REQ0410,CAND02866,Engineering,L3,Naukri,2021-09-11,,Applied,No,
REQ0410,CAND02867,Engineering,L3,Naukri,2021-08-30,,Applied,No,
REQ0411,CAND02868,Finance,L2,Employee Referral,2022-05-23,2022-07-09,Joined,Yes,EMP0411
REQ0411,CAND02869,Finance,L2,LinkedIn,2022-06-08,,Applied,No,
REQ0411,CAND02870,Finance,L2,Naukri,2022-05-28,,Applied,No,
REQ0411,CAND02871,Finance,L2,Employee Referral,2022-05-17,,Screened,No,
REQ0412,CAND02872,Engineering,L2,Employee Referral,2024-10-23,2024-11-17,Joined,Yes,EMP0412
REQ0412,CAND02873,Engineering,L2,LinkedIn,2024-10-09,,Applied,No,
REQ0412,CAND02874,Engineering,L2,Careers Site,2024-10-22,,Interviewed,No,
REQ0412,CAND02875,Engineering,L2,Careers Site,2024-10-24,,Screened,No,
REQ0412,CAND02876,Engineering,L2,Employee Referral,2024-10-11,,Applied,No,
REQ0412,CAND02877,Engineering,L2,Careers Site,2024-10-20,,Applied,No,
REQ0413,CAND02878,Sales,L5,LinkedIn,2022-02-20,2022-05-24,Joined,Yes,EMP0413
REQ0413,CAND02879,Sales,L5,Careers Site,2022-02-23,,Applied,No,
REQ0413,CAND02880,Sales,L5,Naukri,2022-03-04,,Applied,No,
REQ0413,CAND02881,Sales,L5,Campus,2022-03-10,,Applied,No,
REQ0413,CAND02882,Sales,L5,LinkedIn,2022-02-22,,Applied,No,
REQ0413,CAND02883,Sales,L5,Careers Site,2022-02-09,,Interviewed,No,
REQ0413,CAND02884,Sales,L5,Naukri,2022-02-22,,Applied,No,
REQ0414,CAND02885,Engineering,L5,Naukri,2020-02-28,2020-04-09,Joined,Yes,EMP0414
REQ0414,CAND02886,Engineering,L5,Employee Referral,2020-03-10,2020-04-10,Offered,No,
REQ0414,CAND02887,Engineering,L5,Naukri,2020-02-22,,Applied,No,
REQ0414,CAND02888,Engineering,L5,Careers Site,2020-03-05,,Applied,No,
REQ0414,CAND02889,Engineering,L5,Campus,2020-03-03,,Interviewed,No,
REQ0414,CAND02890,Engineering,L5,Employee Referral,2020-02-27,,Interviewed,No,
REQ0414,CAND02891,Engineering,L5,Careers Site,2020-02-23,,Screened,No,
REQ0415,CAND02892,Customer Success,L4,LinkedIn,2023-03-11,2023-04-19,Joined,Yes,EMP0415
REQ0415,CAND02893,Customer Success,L4,Employee Referral,2023-03-07,2023-04-17,Offered,No,
REQ0415,CAND02894,Customer Success,L4,Careers Site,2023-03-08,,Applied,No,
REQ0415,CAND02895,Customer Success,L4,Naukri,2023-03-09,,Applied,No,
REQ0415,CAND02896,Customer Success,L4,Naukri,2023-04-01,,Applied,No,
REQ0415,CAND02897,Customer Success,L4,Employee Referral,2023-03-31,2023-04-21,Offered,No,
REQ0415,CAND02898,Customer Success,L4,LinkedIn,2023-02-26,,Screened,No,
REQ0415,CAND02899,Customer Success,L4,LinkedIn,2023-04-01,2023-04-29,Offered,No,
REQ0415,CAND02900,Customer Success,L4,LinkedIn,2023-02-27,,Applied,No,
REQ0416,CAND02901,Customer Success,L4,Naukri,2023-01-09,2023-03-17,Joined,Yes,EMP0416
REQ0416,CAND02902,Customer Success,L4,Employee Referral,2022-12-29,2023-01-24,Offered,No,
REQ0416,CAND02903,Customer Success,L4,Campus,2023-01-11,,Interviewed,No,
REQ0416,CAND02904,Customer Success,L4,Naukri,2023-01-20,,Applied,No,
REQ0416,CAND02905,Customer Success,L4,LinkedIn,2023-01-01,,Screened,No,
REQ0416,CAND02906,Customer Success,L4,Employee Referral,2023-01-05,2023-02-14,Offered,No,
REQ0416,CAND02907,Customer Success,L4,Careers Site,2023-01-29,,Applied,No,
REQ0417,CAND02908,Engineering,L6,Campus,2022-08-07,2022-09-01,Joined,Yes,EMP0417
REQ0417,CAND02909,Engineering,L6,Campus,2022-07-31,,Applied,No,
REQ0417,CAND02910,Engineering,L6,Naukri,2022-08-26,,Screened,No,
REQ0417,CAND02911,Engineering,L6,Careers Site,2022-07-30,,Screened,No,
REQ0417,CAND02912,Engineering,L6,Recruitment Agency,2022-08-19,,Applied,No,
REQ0417,CAND02913,Engineering,L6,Recruitment Agency,2022-08-21,,Screened,No,
REQ0417,CAND02914,Engineering,L6,Recruitment Agency,2022-08-01,,Interviewed,No,
REQ0417,CAND02915,Engineering,L6,Careers Site,2022-08-07,,Screened,No,
REQ0418,CAND02916,Sales,L1,Recruitment Agency,2024-11-13,2024-12-23,Joined,Yes,EMP0418
REQ0418,CAND02917,Sales,L1,LinkedIn,2024-11-05,,Screened,No,
REQ0418,CAND02918,Sales,L1,LinkedIn,2024-12-01,,Applied,No,
REQ0418,CAND02919,Sales,L1,Careers Site,2024-11-08,,Screened,No,
REQ0418,CAND02920,Sales,L1,Recruitment Agency,2024-11-25,,Applied,No,
REQ0418,CAND02921,Sales,L1,Campus,2024-11-29,,Applied,No,
REQ0418,CAND02922,Sales,L1,Campus,2024-11-09,,Applied,No,
REQ0418,CAND02923,Sales,L1,Employee Referral,2024-10-31,2024-12-03,Offered,No,
REQ0418,CAND02924,Sales,L1,Naukri,2024-11-23,,Interviewed,No,
REQ0419,CAND02925,Operations,L4,Employee Referral,2020-08-31,2020-11-01,Joined,Yes,EMP0419
REQ0419,CAND02926,Operations,L4,Campus,2020-09-14,,Applied,No,
REQ0419,CAND02927,Operations,L4,Campus,2020-09-17,,Applied,No,
REQ0419,CAND02928,Operations,L4,Employee Referral,2020-09-03,,Interviewed,No,
REQ0419,CAND02929,Operations,L4,Recruitment Agency,2020-08-23,,Interviewed,No,
REQ0419,CAND02930,Operations,L4,LinkedIn,2020-09-08,,Applied,No,
REQ0419,CAND02931,Operations,L4,LinkedIn,2020-09-03,,Applied,No,
REQ0419,CAND02932,Operations,L4,Employee Referral,2020-09-16,2020-10-13,Offered,No,
REQ0420,CAND02933,Human Resources,L3,Recruitment Agency,2019-06-22,2019-09-17,Joined,Yes,EMP0420
REQ0420,CAND02934,Human Resources,L3,LinkedIn,2019-06-14,,Applied,No,
REQ0420,CAND02935,Human Resources,L3,LinkedIn,2019-07-10,,Applied,No,
REQ0420,CAND02936,Human Resources,L3,Recruitment Agency,2019-06-10,,Screened,No,
REQ0420,CAND02937,Human Resources,L3,Employee Referral,2019-06-19,,Interviewed,No,
